-- phpMyAdmin SQL Dump
-- version 4.5.4.1deb2ubuntu2
-- http://www.phpmyadmin.net
--
-- Хост: localhost
-- Время создания: Май 03 2017 г., 06:17
-- Версия сервера: 5.7.17-0ubuntu0.16.04.2
-- Версия PHP: 7.1.4-1+deb.sury.org~xenial+1

SET SQL_MODE = "NO_AUTO_VALUE_ON_ZERO";
SET time_zone = "+00:00";


/*!40101 SET @OLD_CHARACTER_SET_CLIENT=@@CHARACTER_SET_CLIENT */;
/*!40101 SET @OLD_CHARACTER_SET_RESULTS=@@CHARACTER_SET_RESULTS */;
/*!40101 SET @OLD_COLLATION_CONNECTION=@@COLLATION_CONNECTION */;
/*!40101 SET NAMES utf8mb4 */;

--
-- База данных: `boot`
--

-- --------------------------------------------------------

--
-- Структура таблицы `cities`
--

CREATE TABLE `cities` (
  `id` int(10) UNSIGNED NOT NULL,
  `city_name` varchar(255) COLLATE utf8mb4_unicode_ci NOT NULL,
  `metro` tinyint(1) NOT NULL DEFAULT '0',
  `slug` varchar(255) COLLATE utf8mb4_unicode_ci NOT NULL
) ENGINE=InnoDB DEFAULT CHARSET=utf8mb4 COLLATE=utf8mb4_unicode_ci;

--
-- Дамп данных таблицы `cities`
--

INSERT INTO `cities` (`id`, `city_name`, `metro`, `slug`) VALUES
(1, 'Днепр', 1, 'dnepr'),
(2, 'Киев', 1, 'kiev'),
(3, 'Одесса', 0, 'odessa');

-- --------------------------------------------------------

--
-- Структура таблицы `comments`
--

CREATE TABLE `comments` (
  `id` int(10) UNSIGNED NOT NULL,
  `service_center_id` int(10) UNSIGNED NOT NULL,
  `user_name` varchar(255) COLLATE utf8mb4_unicode_ci NOT NULL,
  `device` varchar(255) COLLATE utf8mb4_unicode_ci NOT NULL,
  `service` varchar(255) COLLATE utf8mb4_unicode_ci NOT NULL,
  `service_number` varchar(255) COLLATE utf8mb4_unicode_ci NOT NULL,
  `text` text COLLATE utf8mb4_unicode_ci NOT NULL,
  `r_total_rating` tinyint(3) UNSIGNED NOT NULL,
  `r_quality_of_work` tinyint(3) UNSIGNED NOT NULL,
  `r_deadlines` tinyint(3) UNSIGNED NOT NULL,
  `r_compliance_cost` tinyint(3) UNSIGNED NOT NULL,
  `r_price_quality` tinyint(3) UNSIGNED NOT NULL,
  `r_service` tinyint(3) UNSIGNED NOT NULL,
  `status` tinyint(3) UNSIGNED NOT NULL DEFAULT '0',
  `created_at` timestamp NULL DEFAULT NULL,
  `updated_at` timestamp NULL DEFAULT NULL
) ENGINE=InnoDB DEFAULT CHARSET=utf8mb4 COLLATE=utf8mb4_unicode_ci;

--
-- Дамп данных таблицы `comments`
--

INSERT INTO `comments` (`id`, `service_center_id`, `user_name`, `device`, `service`, `service_number`, `text`, `r_total_rating`, `r_quality_of_work`, `r_deadlines`, `r_compliance_cost`, `r_price_quality`, `r_service`, `status`, `created_at`, `updated_at`) VALUES
(1, 1, 'Dima test', 'Motorola g433', 'Замена экрана', '34242ввав', 'test test test test', 3, 2, 4, 5, 3, 2, 1, NULL, NULL),
(2, 1, 'anna', 'lonovo', 'test', '323d2dd', 'sfsd s s s ', 4, 5, 2, 3, 4, 5, 1, NULL, NULL);

-- --------------------------------------------------------

--
-- Структура таблицы `districts`
--

CREATE TABLE `districts` (
  `id` int(10) UNSIGNED NOT NULL,
  `address` varchar(255) COLLATE utf8mb4_unicode_ci NOT NULL,
  `c1` varchar(255) COLLATE utf8mb4_unicode_ci DEFAULT NULL,
  `c2` varchar(255) COLLATE utf8mb4_unicode_ci DEFAULT NULL,
  `city_id` int(10) UNSIGNED NOT NULL
) ENGINE=InnoDB DEFAULT CHARSET=utf8mb4 COLLATE=utf8mb4_unicode_ci;

--
-- Дамп данных таблицы `districts`
--

INSERT INTO `districts` (`id`, `address`, `c1`, `c2`, `city_id`) VALUES
(1, 'Амур-Нижнеднепровский район', '48.521392', '34.971908', 1),
(2, 'Шевченковский район', '48.404526', '35.008299', 1),
(3, 'Соборный район', '48.429223', '35.071361', 1),
(4, 'Индустриальный район', '48.520885', '35.068926', 1),
(5, 'Центральный район', '48.463151', '35.027729', 1),
(6, 'Чечеловский район', '48.428022', '34.982841', 1),
(7, 'Новокодакский район', '48.467483', '34.883864', 1),
(8, 'Самарский переулок', '48.448823', '35.07419', 1);

-- --------------------------------------------------------

--
-- Структура таблицы `form_requests`
--

CREATE TABLE `form_requests` (
  `id` int(10) UNSIGNED NOT NULL,
  `pagename` varchar(255) COLLATE utf8mb4_unicode_ci NOT NULL,
  `name` varchar(255) COLLATE utf8mb4_unicode_ci NOT NULL,
  `phone` varchar(255) COLLATE utf8mb4_unicode_ci NOT NULL,
  `comment` text COLLATE utf8mb4_unicode_ci,
  `status` varchar(255) COLLATE utf8mb4_unicode_ci DEFAULT NULL,
  `created_at` timestamp NULL DEFAULT NULL,
  `updated_at` timestamp NULL DEFAULT NULL
) ENGINE=InnoDB DEFAULT CHARSET=utf8mb4 COLLATE=utf8mb4_unicode_ci;

--
-- Дамп данных таблицы `form_requests`
--

INSERT INTO `form_requests` (`id`, `pagename`, `name`, `phone`, `comment`, `status`, `created_at`, `updated_at`) VALUES
(1, 'Главная страница', 'Dima', '322322323', NULL, NULL, NULL, NULL),
(2, 'Главная страница', 'Dima', '322322323', NULL, NULL, '2017-03-31 08:34:41', NULL),
(3, 'Главная страница', 'Dima33', '322322323', NULL, NULL, '2017-03-31 08:50:00', NULL),
(4, 'Главная страница', 'Dima33', '322322323', NULL, NULL, '2017-03-31 08:51:26', NULL),
(5, 'Главная страница', 'Dima33', '322322323', NULL, NULL, '2017-03-31 08:52:11', NULL),
(6, 'Главная страница', 'Dima33', '322322323', NULL, NULL, '2017-03-31 08:54:54', NULL),
(7, 'Главная страница', '333333333', '333333333', NULL, NULL, '2017-04-03 11:55:11', NULL),
(8, 'Главная страница', '333333333', '333333333', NULL, NULL, '2017-04-03 11:55:40', NULL),
(9, 'Главная страница', '333333333', '333333333', NULL, NULL, '2017-04-03 11:56:04', NULL),
(10, 'Главная страница', '333333333', '333333333', NULL, NULL, '2017-04-03 11:56:25', NULL),
(11, 'Главная страница', '333333333', '333333333', NULL, NULL, '2017-04-03 11:58:53', NULL),
(12, 'Главная страница', '333333333', '333333333', NULL, NULL, '2017-04-03 11:59:56', NULL),
(13, 'Главная страница', '333333333', '333333333', NULL, NULL, '2017-04-03 12:06:21', NULL),
(14, 'Главная страница', '333333333', '333333333', NULL, NULL, '2017-04-03 12:15:54', NULL),
(15, 'Главная страница', '333333333', '333333333', NULL, NULL, '2017-04-03 12:41:40', NULL),
(16, 'Главная страница', '44444444', '0687600994', NULL, NULL, '2017-04-10 14:51:01', NULL);

-- --------------------------------------------------------

--
-- Структура таблицы `manufacturers`
--

CREATE TABLE `manufacturers` (
  `id` int(10) UNSIGNED NOT NULL,
  `manufacturer` varchar(255) COLLATE utf8mb4_unicode_ci NOT NULL
) ENGINE=InnoDB DEFAULT CHARSET=utf8mb4 COLLATE=utf8mb4_unicode_ci;

--
-- Дамп данных таблицы `manufacturers`
--

INSERT INTO `manufacturers` (`id`, `manufacturer`) VALUES
(6, 'Acer'),
(7, 'Alcatel'),
(8, 'Apple'),
(9, 'Archos'),
(10, 'Assistant'),
(11, 'Astro'),
(12, 'Asus'),
(13, 'Blackview'),
(14, 'Bravis'),
(15, 'Caterpillar'),
(16, 'Coolpad'),
(17, 'Doogee'),
(18, 'Elari'),
(19, 'Elephone'),
(20, 'Ergo'),
(21, 'Fly'),
(22, 'Gigabyte'),
(23, 'Globex'),
(24, 'Goclever'),
(25, 'HTC'),
(26, 'Huawei'),
(27, 'Impression'),
(28, 'Keneksi'),
(29, 'LeEco'),
(30, 'Lenovo'),
(31, 'LeTV'),
(32, 'LG'),
(33, 'Maxwest'),
(34, 'Meizu'),
(35, 'Microsoft'),
(36, 'Motorola'),
(37, 'Neffos'),
(38, 'Nokia'),
(39, 'Nomi'),
(40, 'Nous'),
(41, 'OnePlus'),
(42, 'Oukitel'),
(43, 'Philips'),
(44, 'Pixus'),
(45, 'Prestigio'),
(46, 'RugGear'),
(47, 'Samsung'),
(48, 'Sigma mobile'),
(49, 'Sony'),
(50, 'ThL'),
(51, 'UMi'),
(52, 'Viaan'),
(53, 'Wileyfox'),
(54, 'Xiaomi'),
(55, 'ZTE');

-- --------------------------------------------------------

--
-- Структура таблицы `metros`
--

CREATE TABLE `metros` (
  `id` int(10) UNSIGNED NOT NULL,
  `address` varchar(255) COLLATE utf8mb4_unicode_ci NOT NULL,
  `c1` varchar(255) COLLATE utf8mb4_unicode_ci DEFAULT NULL,
  `c2` varchar(255) COLLATE utf8mb4_unicode_ci DEFAULT NULL,
  `city_id` int(10) UNSIGNED NOT NULL
) ENGINE=InnoDB DEFAULT CHARSET=utf8mb4 COLLATE=utf8mb4_unicode_ci;

--
-- Дамп данных таблицы `metros`
--

INSERT INTO `metros` (`id`, `address`, `c1`, `c2`, `city_id`) VALUES
(1, 'метро Покровская', '48.479298', '34.92657', 1),
(2, 'метро Проспект Свободы', '48.479871', '34.943027', 1),
(3, 'метро Заводская', '48.475821', '34.959422', 1),
(4, 'метро Металлургов', '48.476634', '34.979526', 1),
(5, 'метро Метростроителей', '48.475218', '34.995731', 1),
(6, 'метро Вокзальная', '48.475457', '35.015926', 1);

-- --------------------------------------------------------

--
-- Структура таблицы `migrations`
--

CREATE TABLE `migrations` (
  `id` int(10) UNSIGNED NOT NULL,
  `migration` varchar(255) COLLATE utf8mb4_unicode_ci NOT NULL,
  `batch` int(11) NOT NULL
) ENGINE=InnoDB DEFAULT CHARSET=utf8mb4 COLLATE=utf8mb4_unicode_ci;

--
-- Дамп данных таблицы `migrations`
--

INSERT INTO `migrations` (`id`, `migration`, `batch`) VALUES
(31, '2014_10_12_000000_create_users_table', 1),
(32, '2014_10_12_100000_create_password_resets_table', 1),
(33, '2017_03_01_152002_create_cities_table', 1),
(34, '2017_03_01_153912_create_metros_table', 1),
(35, '2017_03_01_153933_create_districts_table', 1),
(36, '2017_03_02_115622_create_service_centers_table', 1),
(37, '2017_03_03_112347_create_seo_meta_table', 2),
(38, '2017_03_03_125828_create_technology_table', 3),
(39, '2017_03_03_125828_create_technologies_table', 4),
(40, '2017_03_03_132933_create_manufacturers_table', 4),
(41, '2017_03_03_135755_create_technology_vs_manufacturer_table', 5),
(42, '2017_03_06_075728_create_roles_table', 6),
(43, '2017_03_06_080953_create_users_table', 7),
(44, '2017_03_06_075756_create_roles_table', 8),
(45, '2017_03_07_145831_create_cities_add_slug_table', 9),
(46, '2017_03_09_072258_create_requests_table', 10),
(47, '2017_03_16_093355_create_streets_table', 11),
(48, '2017_03_31_082217_create_form_requests_table', 12),
(49, '2017_03_31_083210_create_form_requests_table', 13),
(50, '2017_04_04_081121_service_center_vs_tags_table', 14),
(51, '2017_04_04_084455_comments_table', 14),
(52, '2017_04_04_125438_service_center_vs_manufacturer_table', 15),
(53, '2017_04_04_140102_service_center_advantages_table', 16),
(54, '2017_04_04_141216_service_center_price_table', 17),
(55, '2017_04_04_142055_service_center_personal_table', 18),
(56, '2017_04_04_143911_service_center_certificate_table', 19),
(57, '2017_04_04_144327_service_center_photo_table', 20);

-- --------------------------------------------------------

--
-- Структура таблицы `password_resets`
--

CREATE TABLE `password_resets` (
  `email` varchar(255) COLLATE utf8mb4_unicode_ci NOT NULL,
  `token` varchar(255) COLLATE utf8mb4_unicode_ci NOT NULL,
  `created_at` timestamp NULL DEFAULT NULL
) ENGINE=InnoDB DEFAULT CHARSET=utf8mb4 COLLATE=utf8mb4_unicode_ci;

-- --------------------------------------------------------

--
-- Структура таблицы `requests`
--

CREATE TABLE `requests` (
  `id` int(10) UNSIGNED NOT NULL,
  `service_id` int(10) UNSIGNED NOT NULL,
  `user_name` varchar(255) COLLATE utf8mb4_unicode_ci NOT NULL,
  `phone` varchar(255) COLLATE utf8mb4_unicode_ci NOT NULL,
  `comment` text COLLATE utf8mb4_unicode_ci NOT NULL,
  `status` varchar(255) COLLATE utf8mb4_unicode_ci NOT NULL,
  `created_at` timestamp NULL DEFAULT NULL,
  `updated_at` timestamp NULL DEFAULT NULL
) ENGINE=InnoDB DEFAULT CHARSET=utf8mb4 COLLATE=utf8mb4_unicode_ci;

--
-- Дамп данных таблицы `requests`
--

INSERT INTO `requests` (`id`, `service_id`, `user_name`, `phone`, `comment`, `status`, `created_at`, `updated_at`) VALUES
(1, 1, 'Дмитрий', '+380935147288', 'As mentioned previously, within the register method, you should only bind things into the service container. You should never attempt to register any event listeners, routes, or any other piece of functionality within the register method. Otherwise, you may accidentally use a service that is provided by a service provider which has not loaded yet.', 'Завершена', '2017-03-09 00:00:00', '2017-03-10 10:19:07'),
(2, 1, 'Ольга', '+380970554875', 'But, what do we mean by "bootstrapped"? In general, we mean registering things, including registering service container bindings, event listeners, middleware, and even routes. Service providers are the central place to configure your application.', 'Не завершена', '2017-03-07 00:00:00', '2017-03-10 10:18:40');

-- --------------------------------------------------------

--
-- Структура таблицы `roles`
--

CREATE TABLE `roles` (
  `id` int(10) UNSIGNED NOT NULL,
  `role` varchar(255) COLLATE utf8mb4_unicode_ci NOT NULL,
  `role_name` varchar(255) COLLATE utf8mb4_unicode_ci NOT NULL,
  `created_at` timestamp NULL DEFAULT NULL,
  `updated_at` timestamp NULL DEFAULT NULL
) ENGINE=InnoDB DEFAULT CHARSET=utf8mb4 COLLATE=utf8mb4_unicode_ci;

--
-- Дамп данных таблицы `roles`
--

INSERT INTO `roles` (`id`, `role`, `role_name`, `created_at`, `updated_at`) VALUES
(1, 'admin', 'Администратор', NULL, NULL),
(2, 'sc', 'Сервисный центр', NULL, NULL),
(3, 'user', 'Пользователь', NULL, NULL),
(4, 'seo', 'SEO', NULL, NULL),
(5, 'crm', 'Оператор GS', NULL, NULL);

-- --------------------------------------------------------

--
-- Структура таблицы `seo_meta`
--

CREATE TABLE `seo_meta` (
  `id` int(10) UNSIGNED NOT NULL,
  `title` varchar(255) COLLATE utf8mb4_unicode_ci NOT NULL,
  `title_name` varchar(255) COLLATE utf8mb4_unicode_ci NOT NULL,
  `description` text COLLATE utf8mb4_unicode_ci NOT NULL,
  `keywords` text COLLATE utf8mb4_unicode_ci NOT NULL,
  `created_at` timestamp NULL DEFAULT NULL,
  `updated_at` timestamp NULL DEFAULT NULL
) ENGINE=InnoDB DEFAULT CHARSET=utf8mb4 COLLATE=utf8mb4_unicode_ci;

--
-- Дамп данных таблицы `seo_meta`
--

INSERT INTO `seo_meta` (`id`, `title`, `title_name`, `description`, `keywords`, `created_at`, `updated_at`) VALUES
(1, 'main_page', 'Главная', 'Здесь будет описание страницы', 'ключевый слова, тралала, лалоло', NULL, NULL),
(2, 'about', 'О нас', 'Описание страницы О нас', 'ключевые слова О нас', NULL, NULL),
(3, 'support', 'Служба поддержки', 'Описание страницы Служба поддержки', 'Ключевые слова страниц, Служба поддержки', NULL, NULL),
(4, 'service_registration', 'Регистрация сервисного центра', 'Регистрация сервисного центра', 'Регистрация, сервисного центра, центр', NULL, NULL),
(5, 'catalog', 'Каталог', 'Описание страницы Каталог', 'ключевык слова, каталог', NULL, NULL),
(6, 'diagnostics', 'Диагностика', 'Описание страницы Диагностика', 'ключевые слова, диагностика', NULL, NULL),
(7, 'sc_view', 'Сервисный центр', 'Описание Сервисный центр', 'Ключевые слова, Сервисный центр', NULL, NULL);

-- --------------------------------------------------------

--
-- Структура таблицы `service_centers`
--

CREATE TABLE `service_centers` (
  `id` int(10) UNSIGNED NOT NULL,
  `service_name` varchar(255) COLLATE utf8mb4_unicode_ci NOT NULL,
  `about` text COLLATE utf8mb4_unicode_ci,
  `user_id` int(10) UNSIGNED NOT NULL,
  `city_id` int(10) UNSIGNED NOT NULL,
  `metro_id` int(10) UNSIGNED DEFAULT NULL,
  `district_id` int(10) UNSIGNED NOT NULL,
  `work_time` varchar(255) COLLATE utf8mb4_unicode_ci DEFAULT NULL,
  `start_day` varchar(255) COLLATE utf8mb4_unicode_ci DEFAULT NULL,
  `end_day` varchar(255) COLLATE utf8mb4_unicode_ci DEFAULT NULL,
  `start_time` varchar(255) COLLATE utf8mb4_unicode_ci DEFAULT NULL,
  `end_time` varchar(255) COLLATE utf8mb4_unicode_ci DEFAULT NULL,
  `address` varchar(255) COLLATE utf8mb4_unicode_ci DEFAULT NULL,
  `street` varchar(255) COLLATE utf8mb4_unicode_ci DEFAULT NULL,
  `c1` varchar(255) COLLATE utf8mb4_unicode_ci DEFAULT NULL,
  `c2` varchar(255) COLLATE utf8mb4_unicode_ci DEFAULT NULL,
  `logo` varchar(255) COLLATE utf8mb4_unicode_ci DEFAULT NULL,
  `created_at` timestamp NULL DEFAULT NULL,
  `updated_at` timestamp NULL DEFAULT NULL
) ENGINE=InnoDB DEFAULT CHARSET=utf8mb4 COLLATE=utf8mb4_unicode_ci;

--
-- Дамп данных таблицы `service_centers`
--

INSERT INTO `service_centers` (`id`, `service_name`, `about`, `user_id`, `city_id`, `metro_id`, `district_id`, `work_time`, `start_day`, `end_day`, `start_time`, `end_time`, `address`, `street`, `c1`, `c2`, `logo`, `created_at`, `updated_at`) VALUES
(1, 'Astra mobile', 'Lorem ipsum dolor sit amet, consectetur adipiscing elit. Aenean euismod bibendum laoreet. Proin gravida dolor sit amet lacus accumsan et viverra justo commodo. Proin sodales pulvinar tempor. Cum sociis natoque penatibus et magnis dis parturient montes, nascetur ridiculus mus. Nam fermentum, nulla luctus pharetra vulputate, felis tellus mollis orci, sed rhoncus sapien nunc eget.', 7, 1, 2, 3, 'пн-вс 10:00-20:00', 'пн', 'вс', '10:00', '20:00', 'Украина, Днепр, проспект Гагарина, 27', 'проспект Гагарина', '48.408498', '35.072834', 'logo.png', '2017-04-04 09:49:22', '2017-04-04 09:49:25'),
(2, '1 Мобильный Сервис', 'Lorem ipsum dolor sit amet, consectetur adipiscing elit. Aenean euismod bibendum laoreet. Proin gravida dolor sit amet lacus accumsan et viverra justo commodo. Proin sodales pulvinar tempor. Cum sociis natoque penatibus et magnis dis parturient montes, nascetur ridiculus mus. Nam fermentum, nulla luctus pharetra vulputate, felis tellus mollis orci, sed rhoncus sapien nunc eget.', 7, 1, 4, 5, 'пн-пт 09:00-19:00, суб 10:00-17:00', 'пн', 'пт', '09:00', '19:00', 'Украина, Днепр, улица Глинки, 17', 'улица Глинки', '48.466383', '35.046531', 'logo.png', '2017-04-04 09:49:29', '2017-04-04 09:49:31'),
(3, '433', 'сисмисми', 7, 1, 4, 4, NULL, NULL, NULL, NULL, NULL, 'Украина, Днепр, 1-й тупик Одоевского', '1-й тупик Одоевского', '48.42957', '35.034628', NULL, '2017-04-28 08:14:50', '2017-04-28 08:17:41');

-- --------------------------------------------------------

--
-- Структура таблицы `service_center_advantages`
--

CREATE TABLE `service_center_advantages` (
  `id` int(10) UNSIGNED NOT NULL,
  `service_center_id` int(10) UNSIGNED NOT NULL,
  `advantages` text COLLATE utf8mb4_unicode_ci NOT NULL
) ENGINE=InnoDB DEFAULT CHARSET=utf8mb4 COLLATE=utf8mb4_unicode_ci;

--
-- Дамп данных таблицы `service_center_advantages`
--

INSERT INTO `service_center_advantages` (`id`, `service_center_id`, `advantages`) VALUES
(1, 1, 'Мы ничего не скрываем, вы всегда можете посетить ремонтную зону'),
(2, 1, 'Собственный склад с оригинальными запчастми'),
(3, 1, 'Прозрачная ценовая политика'),
(4, 3, '4545');

-- --------------------------------------------------------

--
-- Структура таблицы `service_center_certificate`
--

CREATE TABLE `service_center_certificate` (
  `id` int(10) UNSIGNED NOT NULL,
  `service_center_id` int(10) UNSIGNED NOT NULL,
  `file_name` varchar(255) COLLATE utf8mb4_unicode_ci NOT NULL
) ENGINE=InnoDB DEFAULT CHARSET=utf8mb4 COLLATE=utf8mb4_unicode_ci;

--
-- Дамп данных таблицы `service_center_certificate`
--

INSERT INTO `service_center_certificate` (`id`, `service_center_id`, `file_name`) VALUES
(1, 1, 'http://fakeimg.pl/350x200/ff8f00/?text=certificate1'),
(2, 1, 'http://fakeimg.pl/350x200/ff8f00/?text=certificate1'),
(3, 1, 'http://fakeimg.pl/350x200/ff8f00/?text=certificate1'),
(4, 1, 'http://fakeimg.pl/350x200/ff8f00/?text=certificate1'),
(5, 1, 'http://fakeimg.pl/350x200/ff8f00/?text=certificate1');

-- --------------------------------------------------------

--
-- Структура таблицы `service_center_personal`
--

CREATE TABLE `service_center_personal` (
  `id` int(10) UNSIGNED NOT NULL,
  `service_center_id` int(10) UNSIGNED NOT NULL,
  `name` varchar(255) COLLATE utf8mb4_unicode_ci NOT NULL,
  `info` varchar(255) COLLATE utf8mb4_unicode_ci DEFAULT NULL,
  `avatar` varchar(255) COLLATE utf8mb4_unicode_ci DEFAULT NULL
) ENGINE=InnoDB DEFAULT CHARSET=utf8mb4 COLLATE=utf8mb4_unicode_ci;

--
-- Дамп данных таблицы `service_center_personal`
--

INSERT INTO `service_center_personal` (`id`, `service_center_id`, `name`, `info`, `avatar`) VALUES
(1, 1, 'Dmitriy', 'руководитель сервисного центра по ремонту телефонов стаж 10 лет', 'http://fakeimg.pl/350x200/?text=Photo'),
(2, 1, 'Andrey', 'руководитель сервисного центра по ремонту телефонов стаж 10 лет', 'http://fakeimg.pl/350x200/?text=Photo'),
(3, 3, '234', '234234', 'test');

-- --------------------------------------------------------

--
-- Структура таблицы `service_center_photo`
--

CREATE TABLE `service_center_photo` (
  `id` int(10) UNSIGNED NOT NULL,
  `service_center_id` int(10) UNSIGNED NOT NULL,
  `file_name` varchar(255) COLLATE utf8mb4_unicode_ci NOT NULL
) ENGINE=InnoDB DEFAULT CHARSET=utf8mb4 COLLATE=utf8mb4_unicode_ci;

--
-- Дамп данных таблицы `service_center_photo`
--

INSERT INTO `service_center_photo` (`id`, `service_center_id`, `file_name`) VALUES
(1, 1, 'http://fakeimg.pl/350x200/ff8f00/?text=Photo1'),
(2, 1, 'http://fakeimg.pl/350x200/ff8f00/?text=Photo2'),
(3, 1, 'http://fakeimg.pl/350x200/ff8f00/?text=Photo3'),
(4, 1, 'http://fakeimg.pl/350x200/ff8f00/?text=Photo4'),
(5, 1, 'http://fakeimg.pl/350x200/ff8f00/?text=Photo5');

-- --------------------------------------------------------

--
-- Структура таблицы `service_center_price`
--

CREATE TABLE `service_center_price` (
  `id` int(10) UNSIGNED NOT NULL,
  `service_center_id` int(10) UNSIGNED NOT NULL,
  `title` varchar(255) COLLATE utf8mb4_unicode_ci NOT NULL,
  `price` int(11) NOT NULL
) ENGINE=InnoDB DEFAULT CHARSET=utf8mb4 COLLATE=utf8mb4_unicode_ci;

--
-- Дамп данных таблицы `service_center_price`
--

INSERT INTO `service_center_price` (`id`, `service_center_id`, `title`, `price`) VALUES
(1, 1, 'Замена корпуса', 200),
(2, 1, 'Замена батареи', 230),
(3, 1, 'Пайка платы', 444),
(4, 1, 'Замена корпуса', 275),
(9, 3, 'смисми', 44),
(10, 3, '34345', 432);

-- --------------------------------------------------------

--
-- Структура таблицы `service_center_vs_manufacturer`
--

CREATE TABLE `service_center_vs_manufacturer` (
  `id` int(10) UNSIGNED NOT NULL,
  `service_center_id` int(10) UNSIGNED NOT NULL,
  `manufacturer_id` int(10) UNSIGNED NOT NULL
) ENGINE=InnoDB DEFAULT CHARSET=utf8mb4 COLLATE=utf8mb4_unicode_ci;

--
-- Дамп данных таблицы `service_center_vs_manufacturer`
--

INSERT INTO `service_center_vs_manufacturer` (`id`, `service_center_id`, `manufacturer_id`) VALUES
(1, 1, 6),
(2, 1, 7),
(3, 1, 8),
(4, 1, 10),
(5, 1, 12);

-- --------------------------------------------------------

--
-- Структура таблицы `service_center_vs_tags`
--

CREATE TABLE `service_center_vs_tags` (
  `id` int(10) UNSIGNED NOT NULL,
  `service_center_id` int(10) UNSIGNED NOT NULL,
  `tag` varchar(255) COLLATE utf8mb4_unicode_ci NOT NULL
) ENGINE=InnoDB DEFAULT CHARSET=utf8mb4 COLLATE=utf8mb4_unicode_ci;

--
-- Дамп данных таблицы `service_center_vs_tags`
--

INSERT INTO `service_center_vs_tags` (`id`, `service_center_id`, `tag`) VALUES
(1, 1, '1 год гарантии'),
(2, 1, 'Быстрый ремонт'),
(3, 1, 'Выезд мастера'),
(4, 1, 'Очень хорошо'),
(5, 1, 'Оригинальные запчасти'),
(6, 3, '4545');

-- --------------------------------------------------------

--
-- Структура таблицы `streets`
--

CREATE TABLE `streets` (
  `id` int(10) UNSIGNED NOT NULL,
  `address` varchar(255) COLLATE utf8mb4_unicode_ci NOT NULL,
  `c1` varchar(255) COLLATE utf8mb4_unicode_ci NOT NULL,
  `c2` varchar(255) COLLATE utf8mb4_unicode_ci NOT NULL,
  `city_id` int(10) UNSIGNED NOT NULL
) ENGINE=InnoDB DEFAULT CHARSET=utf8mb4 COLLATE=utf8mb4_unicode_ci;

--
-- Дамп данных таблицы `streets`
--

INSERT INTO `streets` (`id`, `address`, `c1`, `c2`, `city_id`) VALUES
(3, '1-й Курсовой переулок', '48.468857', '34.916096', 1),
(4, '1-й переулок Веснина', '48.38245', '34.983721', 1),
(5, '1-й Рыбинский тупик', '48.432105', '35.033748', 1),
(6, '1-й тупик Одоевского', '48.42957', '35.034628', 1),
(7, '2-й Изюмский переулок', '48.443779', '34.981295', 1),
(8, '2-й Курсовой переулок', '48.469024', '34.914811', 1),
(9, '2-й переулок Веснина', '48.383204', '34.983272', 1),
(10, '2-й Рыбинский тупик', '48.431734', '35.033389', 1),
(11, '2-й тупик Одоевского', '48.43119', '35.034862', 1),
(12, '3-й Наклонный переулок', '48.44951', '35.009628', 1),
(13, '3-й переулок Веснина', '48.382809', '34.981906', 1),
(14, 'Абхазская улица', '48.428344', '35.028547', 1),
(15, 'Абхазский переулок', '48.427208', '35.029589', 1),
(16, 'Августовская улица', '48.404215', '35.019923', 1),
(17, 'Авиационная улица', '48.464179', '34.981367', 1),
(18, 'Автобусная улица', '48.455683', '34.909655', 1),
(19, 'Автодоровская улица', '48.449098', '35.00308', 1),
(20, 'Автодорожная улица', '48.47971', '35.197798', 1),
(21, 'Автозаводская улица', '48.445685', '34.985122', 1),
(22, 'Автопарковая улица', '48.428733', '35.126903', 1),
(23, 'Автотранспортная улица', '48.415668', '34.99433', 1),
(24, 'Аграрная улица', '48.493211', '35.152559', 1),
(25, 'Агрономическая улица', '48.406991', '35.013284', 1),
(26, 'Адлерская улица', '48.466706', '35.209378', 1),
(27, 'Адмиральская улица', '48.381864', '34.988769', 1),
(28, 'Азиатский переулок', '48.376921', '34.977576', 1),
(29, 'Азовская улица', '48.448835', '34.961389', 1),
(30, 'Аистовая улица', '48.492274', '35.199954', 1),
(31, 'Академическая улица', '48.432266', '34.806528', 1),
(32, 'Акмолинская улица', '48.444077', '35.044663', 1),
(33, 'Актюбинская улица', '48.451894', '34.991419', 1),
(34, 'Александрийская улица', '48.495283', '35.149029', 1),
(35, 'Алексеевская улица', '48.48896', '35.140109', 1),
(36, 'Алеутская улица', '48.490011', '34.954229', 1),
(37, 'Алма-Атинская улица', '48.516803', '35.019168', 1),
(38, 'Алтайская улица', '48.470177', '34.995615', 1),
(39, 'Алупкинская улица', '48.439547', '35.059539', 1),
(40, 'Алчевская улица', '48.453287', '34.910041', 1),
(41, 'Альпийский переулок', '48.46716', '34.995165', 1),
(42, 'Амбулаторная улица', '48.455348', '34.981026', 1),
(43, 'Анадырская улица', '48.520903', '34.960095', 1),
(44, 'Анапская улица', '48.487945', '35.144043', 1),
(45, 'Ангарская улица', '48.412493', '35.013419', 1),
(46, 'Андрюшинская улица', '48.50277', '35.070651', 1),
(47, 'Антарктическая улица', '48.46428', '35.198391', 1),
(48, 'Апостоловская улица', '48.483675', '35.192085', 1),
(49, 'Апостоловский переулок', '48.481292', '35.187701', 1),
(50, 'Апрельская улица', '48.403001', '35.018064', 1),
(51, 'Аптекарский переулок', '48.470517', '35.009116', 1),
(52, 'Арбатская улица', '48.441597', '34.992533', 1),
(53, 'Арктическая улица', '48.53042', '34.961973', 1),
(54, 'Арктический переулок', '48.533123', '34.958406', 1),
(55, 'Армавирская улица', '48.447167', '34.958999', 1),
(56, 'Армейская улица', '48.437855', '35.046657', 1),
(57, 'Армянский переулок', '48.47483', '34.914973', 1),
(58, 'Арсенальная улица', '48.553469', '34.935877', 1),
(59, 'Артековская улица', '48.512219', '35.074738', 1),
(60, 'Артельная улица', '48.48681', '35.071055', 1),
(61, 'Архангельская улица', '48.508309', '35.040135', 1),
(62, 'Архитектурный переулок', '48.41992', '35.006098', 1),
(63, 'Ачинская улица', '48.404443', '35.011146', 1),
(64, 'Аэродромная улица', '48.420751', '35.030856', 1),
(65, 'Аэропортовская улица', '48.392688', '35.048463', 1),
(66, 'Базарная улица', '48.469107', '34.8945', 1),
(67, 'Базовая улица', '48.432446', '35.125017', 1),
(68, 'Байдаковская улица', '48.480719', '34.958793', 1),
(69, 'Байкальская улица', '48.51953', '35.077236', 1),
(70, 'Балаклавская улица', '48.490489', '35.048975', 1),
(71, 'Балашовский спуск', '48.444795', '35.065468', 1),
(72, 'Балканский переулок', '48.538939', '34.970462', 1),
(73, 'Баллинская улица', '48.481955', '34.949091', 1),
(74, 'Баллистическая улица', '48.454063', '34.980218', 1),
(75, 'Балтийская улица', '48.525969', '35.059575', 1),
(76, 'Банковская улица', '48.40412', '34.907661', 1),
(77, 'Баррикадная улица', '48.462924', '35.054679', 1),
(78, 'Баррикадный переулок', '48.462739', '35.056116', 1),
(79, 'Бархатный переулок', '48.479471', '34.86164', 1),
(80, 'Баскетбольная улица', '48.445207', '35.045282', 1),
(81, 'Бассейная улица', '48.456728', '34.98656', 1),
(82, 'Бассейный тупик', '48.45726', '34.99115', 1),
(83, 'Батайская улица', '48.452844', '34.988392', 1),
(84, 'Батальонная улица', '48.440868', '34.846728', 1),
(85, 'Батарейная улица', '48.428936', '35.030999', 1),
(86, 'Батумская улица', '48.515705', '35.082931', 1),
(87, 'Бахчисарайский переулок', '48.505749', '35.022744', 1),
(88, 'Башкирская улица', '48.519118', '34.951588', 1),
(89, 'Белгородская улица', '48.443217', '35.055317', 1),
(90, 'Белградская улица', '48.532944', '34.953717', 1),
(91, 'Беловодская улица', '48.478957', '35.189255', 1),
(92, 'Белозерский переулок', '48.483968', '34.965665', 1),
(93, 'Белокаменная улица', '48.406985', '35.154095', 1),
(94, 'Беломорская улица', '48.456382', '34.909861', 1),
(95, 'Беломорский переулок', '48.404054', '34.949621', 1),
(96, 'Белореченская улица', '48.449038', '34.96553', 1),
(97, 'Белорусский переулок', '48.463342', '34.888697', 1),
(98, 'Белоцерковская улица', '48.496913', '35.147556', 1),
(99, 'Бельгийская улица', '48.476251', '34.980541', 1),
(100, 'Бердянская улица', '48.485317', '35.071639', 1),
(101, 'Береговая улица', '48.503271', '35.003107', 1),
(102, 'Береговой тупик', '48.502119', '35.008586', 1),
(103, 'Бережная улица', '48.557125', '34.938221', 1),
(104, 'Березановская улица', '48.546121', '34.919339', 1),
(105, 'Березинская улица', '48.534489', '35.020561', 1),
(106, 'Берёзовая улица', '48.497045', '35.01562', 1),
(107, 'Берёзовый переулок', '48.50856', '35.047789', 1),
(108, 'Берсеневская улица', '48.399286', '35.139255', 1),
(109, 'Бессемеровская улица', '48.45404', '34.984431', 1),
(110, 'Библиотечная улица', '48.443366', '34.778968', 1),
(111, 'Биологический переулок', '48.44896', '35.051014', 1),
(112, 'Ближняя улица', '48.456489', '34.938374', 1),
(113, 'Бобруйская улица', '48.460558', '34.990898', 1),
(114, 'Богатырская улица', '48.436684', '35.138087', 1),
(115, 'Боевая улица', '48.508208', '35.028017', 1),
(116, 'Боковая улица', '48.496274', '35.02242', 1),
(117, 'Болгарская улица', '48.430849', '35.0309', 1),
(118, 'Больничный переулок', '48.476084', '34.92631', 1),
(119, 'Большая Диёвская улица', '48.473139', '34.902648', 1),
(120, 'Большая улица', '48.397988', '34.92277', 1),
(121, 'Бородинская улица', '48.456125', '35.041878', 1),
(122, 'Ботаническая улица', '48.442057', '35.041878', 1),
(123, 'Братская улица', '48.473486', '34.869815', 1),
(124, 'Братский переулок', '48.478437', '34.869294', 1),
(125, 'Брестская улица', '48.428416', '35.000528', 1),
(126, 'Бригадная улица', '48.449815', '35.061928', 1),
(127, 'Броварская улица', '48.517059', '35.068288', 1),
(128, 'Броневая улица', '48.496436', '35.185168', 1),
(129, 'Бронетанковая улица', '48.437814', '35.04265', 1),
(130, 'Брянский переулок', '48.476855', '34.926507', 1),
(131, 'Будапештская улица', '48.513228', '35.04654', 1),
(132, 'Буковинская улица', '48.486022', '35.123993', 1),
(133, 'бульвар Славы', '48.411093', '35.059862', 1),
(134, 'Бурятский переулок', '48.512738', '35.00237', 1),
(135, 'Вагонная улица', '48.48822', '35.142175', 1),
(136, 'Валдайская улица', '48.457702', '34.91464', 1),
(137, 'Валдайский переулок', '48.461455', '34.916841', 1),
(138, 'Валуйский переулок', '48.464991', '34.903492', 1),
(139, 'Варваровская улица', '48.512034', '35.022932', 1),
(140, 'Варяжский переулок', '48.462643', '34.887925', 1),
(141, 'Васильевская улица', '48.393855', '34.961586', 1),
(142, 'Васильевский переулок', '48.499827', '35.035814', 1),
(143, 'Васильковая улица', '48.492393', '35.1969', 1),
(144, 'Вербовая улица', '48.485031', '34.97065', 1),
(145, 'Верхняя улица', '48.528439', '35.103359', 1),
(146, 'Верховинская улица', '48.523003', '34.950555', 1),
(147, 'Верхоянская улица', '48.400142', '35.085392', 1),
(148, 'Весёлая улица', '48.503874', '35.030352', 1),
(149, 'Весенняя улица', '48.465039', '34.913679', 1),
(150, 'Ветеринарная улица', '48.527777', '35.10741', 1),
(151, 'Ветряная улица', '48.51833', '34.953295', 1),
(152, 'Винницкая улица', '48.425576', '35.051526', 1),
(153, 'Виноградная улица', '48.495415', '35.050771', 1),
(154, 'Вишнёвая улица', '48.508668', '35.003843', 1),
(155, 'Вишнёвый переулок', '48.50982', '35.000061', 1),
(156, 'Владивостокская улица', '48.48254', '35.180416', 1),
(157, 'Водная улица', '48.456483', '34.768089', 1),
(158, 'Водопроводная улица', '48.524751', '34.970803', 1),
(159, 'Водопроводный переулок', '48.526661', '34.968917', 1),
(160, 'Водосточная улица', '48.477894', '34.929786', 1),
(161, 'Военная улица', '48.496364', '35.063716', 1),
(162, 'Военно-морская улица', '48.469854', '34.976346', 1),
(163, 'Воздухофлотская улица', '48.461401', '34.977954', 1),
(164, 'Вознесенская улица, 22', '48.454195', '35.037755', 1),
(165, 'Вокзальная площадь', '48.475971', '35.015737', 1),
(166, 'Вокзальная улица', '48.477267', '35.023408', 1),
(167, 'Волгоградская улица', '48.402451', '35.017794', 1),
(168, 'Волжская улица', '48.467805', '34.974145', 1),
(169, 'Вологодская улица', '48.521923', '35.072906', 1),
(170, 'Волоколамская улица', '48.501964', '35.025466', 1),
(171, 'Волочаевская улица', '48.49751', '35.030002', 1),
(172, 'Вольногорская улица', '48.501027', '35.202218', 1),
(173, 'Волынская улица', '48.460009', '34.941626', 1),
(174, 'Волынский переулок', '48.459089', '34.945875', 1),
(175, 'Волынский тупик', '48.459178', '34.942066', 1),
(176, 'Воронежская улица', '48.524071', '35.067094', 1),
(177, 'Воскресенская улица', '48.465649', '35.040243', 1),
(178, 'Восточная улица', '48.542667', '34.943539', 1),
(179, 'Восточный переулок', '48.538975', '34.951957', 1),
(180, 'Временная улица', '48.504501', '35.070992', 1),
(181, 'Всенародная улица', '48.403976', '34.966716', 1),
(182, 'Встречная улица', '48.403557', '35.01827', 1),
(183, 'Вьетнамская улица', '48.466533', '35.212333', 1),
(184, 'Выборгская улица', '48.466234', '34.992093', 1),
(185, 'Выборгский переулок', '48.462375', '34.990719', 1),
(186, 'Высокая улица', '48.540091', '35.11386', 1),
(187, 'Высоковольтная улица', '48.423149', '35.030712', 1),
(188, 'Высокогорная улица', '48.409652', '34.947447', 1),
(189, 'Выставочная улица', '48.477452', '35.16589', 1),
(190, 'Вяземская улица', '48.516319', '35.067704', 1),
(191, 'Гаванская улица', '48.425032', '35.117839', 1),
(192, 'Гагринская улица', '48.509121', '35.040243', 1),
(193, 'Гаевая улица', '48.448643', '34.786837', 1),
(194, 'Гайдамацкая улица', '48.458503', '34.922905', 1),
(195, 'Гайдамацкий переулок', '48.458545', '34.924693', 1),
(196, 'Гайсинская улица', '48.414478', '35.054616', 1),
(197, 'Галицкая улица', '48.468851', '34.910167', 1),
(198, 'Галицкий переулок', '48.468946', '34.911469', 1),
(199, 'Гаражная улица', '48.422497', '35.033344', 1),
(200, 'Гвардейская улица', '48.478025', '34.948965', 1),
(201, 'Гвоздичная улица', '48.47219', '34.919994', 1),
(202, 'Геническая улица', '48.495648', '35.020839', 1),
(203, 'Гидропарковая улица', '48.477291', '34.903501', 1),
(204, 'Гималайская улица', '48.416858', '34.902621', 1),
(205, 'Глиняная улица', '48.401147', '35.070345', 1),
(206, 'Глобинская улица', '48.448094', '35.058883', 1),
(207, 'Глубокая улица', '48.409933', '34.939156', 1),
(208, 'Глуховская улица', '48.50856', '35.063078', 1),
(209, 'Голубиная улица', '48.470911', '35.017102', 1),
(210, 'Голубиный переулок', '48.470428', '35.017444', 1),
(211, 'Голубой переулок', '48.384377', '34.974513', 1),
(212, 'Гомельская улица', '48.468474', '34.996279', 1),
(213, 'Горная улица', '48.454996', '34.786747', 1),
(214, 'Городская улица', '48.467351', '34.908029', 1),
(215, 'Гороховский переулок', '48.4869', '35.195166', 1),
(216, 'Горяная улица', '48.431788', '35.053807', 1),
(217, 'Гражданская улица', '48.448207', '34.770919', 1),
(218, 'Гранитная улица', '48.483245', '34.939632', 1),
(219, 'Гродненская улица', '48.452217', '35.002927', 1),
(220, 'Грузинская улица', '48.485992', '34.951409', 1),
(221, 'Грушевая улица', '48.4158', '35.011479', 1),
(222, 'Гурзуфская улица', '48.454045', '34.882822', 1),
(223, 'Гурьевская улица', '48.484428', '35.186165', 1),
(224, 'Гусиная улица', '48.510196', '35.016465', 1),
(225, 'Дагестанская улица', '48.457911', '34.9415', 1),
(226, 'Дагестанский переулок', '48.458497', '34.944923', 1),
(227, 'Далёкая улица', '48.400369', '35.093711', 1),
(228, 'Дальневосточная улица', '48.521452', '35.075493', 1),
(229, 'Дальнеуральская улица', '48.455229', '34.885948', 1),
(230, 'Дальнеуральский переулок', '48.451942', '34.885823', 1),
(231, 'Дарницкая улица', '48.505396', '35.071397', 1),
(232, 'Дарьяльская улица', '48.49686', '35.014812', 1),
(233, 'Дачная улица', '48.463534', '35.201185', 1),
(234, 'Дачный переулок', '48.4579', '35.204976', 1),
(235, 'Девичья улица', '48.51053', '35.072582', 1),
(236, 'Декоративная улица', '48.447861', '34.830217', 1),
(237, 'Делегатская улица', '48.508035', '35.024909', 1),
(238, 'Делегатский переулок', '48.507134', '35.030658', 1),
(239, 'Демократическая улица', '48.451123', '34.968521', 1),
(240, 'Деповская улица', '48.488082', '35.143082', 1),
(241, 'Депутатская улица', '48.506453', '35.051687', 1),
(242, 'Дербентский переулок', '48.408259', '35.157455', 1),
(243, 'Дерновая улица', '48.437479', '35.056422', 1),
(244, 'Десантная улица', '48.463175', '34.881052', 1),
(245, 'Джамбульская улица', '48.475463', '35.158865', 1),
(246, 'Джамбульский переулок', '48.474597', '35.158219', 1),
(247, 'Дибровская улица', '48.436702', '34.810732', 1),
(248, 'Дивизионная улица', '48.393986', '34.965404', 1),
(249, 'Диевский переулок', '48.474322', '34.875231', 1),
(250, 'Дирижабельная улица', '48.492722', '35.144519', 1),
(251, 'Днепровский переулок', '48.415172', '35.057482', 1),
(252, 'Днепросталевская улица', '48.502519', '35.102415', 1),
(253, 'Доблестная улица', '48.48143', '34.848417', 1),
(254, 'Добровольная улица', '48.45726', '34.909879', 1),
(255, 'Долинская улица', '48.496919', '35.021163', 1),
(256, 'Доменная улица', '48.452133', '34.980074', 1),
(257, 'Домодедовская улица', '48.417516', '35.156099', 1),
(258, 'Донецкий переулок', '48.532126', '34.990189', 1),
(259, 'Донецкое шоссе', '48.520276', '35.017004', 1),
(260, 'Донская улица', '48.413222', '35.003151', 1),
(261, 'Дорожная улица', '48.412995', '35.055604', 1),
(262, 'Дорожный переулок', '48.506704', '35.063554', 1),
(263, 'Дрогобычская улица', '48.411434', '35.138617', 1),
(264, 'Дубнинская улица', '48.407511', '35.15547', 1),
(265, 'Дубовый переулок', '48.375922', '34.976741', 1),
(266, 'Евпаторийская улица', '48.40458', '35.058407', 1),
(267, 'Европейская улица', '48.46857', '35.048867', 1),
(268, 'Елагинская улица', '48.484571', '34.95087', 1),
(269, 'Елисеевская улица', '48.475654', '35.100807', 1),
(270, 'Еловая улица', '48.41388', '35.163878', 1),
(271, 'Енисейская улица', '48.520276', '35.073615', 1),
(272, 'Ереванская улица', '48.408851', '35.058874', 1),
(273, 'Жасминовый переулок', '48.409796', '34.911407', 1),
(274, 'Жгутовая улица', '48.522388', '34.9536', 1),
(275, 'Железноводская улица', '48.485831', '35.126293', 1),
(276, 'Железнодорожная улица', '48.474979', '35.000744', 1),
(277, 'Желтоводская улица', '48.476335', '35.160896', 1),
(278, 'Живописная улица', '48.47744', '35.201329', 1),
(279, 'Жигулевская улица', '48.457643', '34.917057', 1),
(280, 'жилой массив Левобережный-3', '48.529155', '35.022852', 1),
(281, 'Житомирская улица', '48.540621', '34.984808', 1),
(282, 'Житомирский переулок', '48.531118', '35.000259', 1),
(283, 'Журавлиная улица', '48.528355', '35.106197', 1),
(284, 'Забайкальская улица', '48.46299', '34.900968', 1),
(285, 'Заборинская улица', '48.46241', '34.784627', 1),
(286, 'Заводская улица', '48.497773', '35.031116', 1),
(287, 'Загорская улица', '48.5592', '34.923157', 1),
(288, 'Загорянская улица', '48.421194', '34.933532', 1),
(289, 'Заднепровская улица', '48.474262', '34.886802', 1),
(290, 'Закарпатская улица', '48.444275', '35.011353', 1),
(291, 'Заливная улица', '48.477309', '34.899827', 1),
(292, 'Западная улица', '48.45591', '34.969285', 1),
(293, 'Заповедная улица', '48.418724', '34.914757', 1),
(294, 'Запорожская улица', '48.510411', '35.067417', 1),
(295, 'Запорожское шоссе', '48.413581', '35.026696', 1),
(296, 'Заречная улица', '48.490327', '35.051427', 1),
(297, 'Заярская улица', '48.532395', '34.970022', 1),
(298, 'Звёздная улица', '48.46382', '34.884987', 1),
(299, 'Звёздный бульвар', '48.428476', '35.016842', 1),
(300, 'Звёздный переулок', '48.443892', '34.783495', 1),
(301, 'Зелёная улица', '48.456065', '34.941195', 1),
(302, 'Зеленогорская улица', '48.410896', '34.913958', 1),
(303, 'Зеленогорский переулок', '48.411739', '34.909304', 1),
(304, 'Зеленоградская улица', '48.40025', '35.143064', 1),
(305, 'Зеленодольский переулок', '48.465362', '34.907777', 1),
(306, 'Земледельческий переулок', '48.425953', '35.058775', 1),
(307, 'Зенитный переулок', '48.465768', '34.916374', 1),
(308, 'Зеркальная улица', '48.408899', '34.917605', 1),
(309, 'Зеркальный переулок', '48.408133', '34.913338', 1),
(310, 'Зерновая улица', '48.465595', '34.909826', 1),
(311, 'Зимний переулок', '48.444269', '34.985185', 1),
(312, 'Зимняя улица', '48.444305', '34.985149', 1),
(313, 'Знаменская улица', '48.503612', '35.067103', 1),
(314, 'Золотоосенняя улица', '48.454368', '34.776713', 1),
(315, 'Зональная улица', '48.407278', '34.935212', 1),
(316, 'Зоологическая улица', '48.401296', '35.017066', 1),
(317, 'Зоопарковая улица', '48.473319', '35.195741', 1),
(318, 'Игарский тупик', '48.439302', '35.054418', 1),
(319, 'Ижевская улица', '48.544409', '34.988572', 1),
(320, 'Извилистая улица', '48.470774', '35.015638', 1),
(321, 'Измайловская улица', '48.447777', '34.993405', 1),
(322, 'Изумрудная улица', '48.496292', '35.05891', 1),
(323, 'Изумрудный переулок', '48.495552', '35.060608', 1),
(324, 'Изюмская улица', '48.447884', '34.9832', 1),
(325, 'Изюмский переулок', '48.44691', '34.988653', 1),
(326, 'Илларионовская улица', '48.485658', '35.13215', 1),
(327, 'Ингулецкий переулок', '48.446994', '35.064785', 1),
(328, 'Ингульская улица', '48.525456', '34.990063', 1),
(329, 'Ингульский переулок', '48.512243', '35.014344', 1),
(330, 'Индустриальная улица', '48.505546', '35.029301', 1),
(331, 'Инженерная улица', '48.407672', '35.006385', 1),
(332, 'Институтская улица', '48.433282', '34.805585', 1),
(333, 'Иркутская улица', '48.523122', '35.069259', 1),
(334, 'Исполкомовская улица', '48.455677', '35.047241', 1),
(335, 'Историческая улица', '48.489551', '35.194618', 1),
(336, 'Июльская улица', '48.481895', '35.197143', 1),
(337, 'Кабельная улица', '48.490799', '35.141142', 1),
(338, 'Кавалерийская улица', '48.463558', '35.01403', 1),
(339, 'Кадровая улица', '48.491128', '35.154275', 1),
(340, 'Казанская улица', '48.471634', '35.008784', 1),
(341, 'Казахский переулок', '48.485867', '34.841563', 1),
(342, 'Казахстанская улица', '48.538599', '34.961667', 1),
(343, 'Казацкая улица', '48.402463', '34.964838', 1),
(344, 'Кайдакская улица', '48.49031', '34.959547', 1),
(345, 'Календарная улица', '48.466616', '35.20503', 1),
(346, 'Калиновая улица', '48.513872', '35.062512', 1),
(347, 'Каменская улица', '48.466001', '34.971441', 1),
(348, 'Каменский переулок', '48.465505', '34.974531', 1),
(349, 'Камская улица', '48.408761', '35.054266', 1),
(350, 'Камский переулок', '48.404688', '35.081125', 1),
(351, 'Камчатская улица', '48.471216', '34.998175', 1),
(352, 'Камышовая улица', '48.506214', '35.034134', 1),
(353, 'Камышовый переулок', '48.504901', '35.030245', 1),
(354, 'Каневская улица', '48.509933', '35.066734', 1),
(355, 'Капитальная улица', '48.393101', '35.095112', 1),
(356, 'Карагандинская улица', '48.410926', '35.129706', 1),
(357, 'Каракумская улица', '48.497391', '35.144223', 1),
(358, 'Карельская улица', '48.522042', '35.070893', 1),
(359, 'Карпатская улица', '48.458145', '34.959969', 1),
(360, 'Карьерная улица', '48.484344', '34.941671', 1),
(361, 'Карьерный переулок', '48.484446', '34.942488', 1),
(362, 'Каспийская улица', '48.476508', '35.086731', 1),
(363, 'Каховская улица', '48.404897', '35.018028', 1),
(364, 'Каширская улица', '48.41034', '35.151293', 1),
(365, 'Каштановая улица', '48.501833', '35.08082', 1),
(366, 'Кедровая улица', '48.464764', '34.892219', 1),
(367, 'Кемеровская улица', '48.525086', '35.005577', 1),
(368, 'Керамическая улица', '48.478211', '35.20026', 1),
(369, 'Керченская улица', '48.45585', '34.988177', 1),
(370, 'Киевская улица', '48.450036', '34.963176', 1),
(371, 'Кильченская улица', '48.529376', '35.110797', 1),
(372, 'Кипарисный переулок', '48.44651', '35.064605', 1),
(373, 'Кипучая улица', '48.407876', '34.910939', 1),
(374, 'Киргизская улица', '48.413856', '35.005002', 1),
(375, 'Кленовая улица', '48.440784', '34.993495', 1),
(376, 'Кленовый переулок', '48.469986', '34.914488', 1),
(377, 'Клубничный тупик', '48.448446', '34.977011', 1),
(378, 'Ключевая улица', '48.464848', '34.902558', 1),
(379, 'Ключевой переулок', '48.420416', '35.002523', 1),
(380, 'Кобзарская улица', '48.47919', '34.939218', 1),
(381, 'Ковельская улица', '48.444645', '34.968126', 1),
(382, 'Кодакский спуск', '48.42618', '35.057571', 1),
(383, 'Коксовая улица', '48.467142', '34.971037', 1),
(384, 'Кокчетавская улица', '48.47618', '35.163752', 1),
(385, 'Коллективная улица', '48.468086', '34.916796', 1),
(386, 'Колодезная улица', '48.464537', '35.061371', 1),
(387, 'Коломенская улица', '48.494609', '35.149694', 1),
(388, 'Колосковая улица', '48.49637', '35.018225', 1),
(389, 'Кольская улица', '48.403199', '35.137099', 1),
(390, 'Кольцевая улица', '48.502167', '35.024729', 1),
(391, 'Коммунальная улица', '48.508465', '35.049487', 1),
(392, 'Конградская улица', '48.487533', '35.144834', 1),
(393, 'Кондукторская улица', '48.487879', '35.141546', 1),
(394, 'Кондукторский переулок', '48.487593', '35.145903', 1),
(395, 'Конечная улица', '48.498645', '35.016572', 1),
(396, 'Конечный переулок', '48.383785', '34.983568', 1),
(397, 'Константиновская улица', '48.409927', '35.010437', 1),
(398, 'Конструктивная улица', '48.450944', '34.96094', 1),
(399, 'Кооперативный переулок', '48.454547', '35.012404', 1),
(400, 'Корейская улица', '48.420548', '35.008712', 1),
(401, 'Корсунская улица', '48.487861', '34.94804', 1),
(402, 'Косинский переулок', '48.476496', '34.838122', 1),
(403, 'Космическая улица', '48.41583', '35.047861', 1),
(404, 'Космодромная улица', '48.406578', '35.051687', 1),
(405, 'Костомаровская улица', '48.460606', '35.035149', 1),
(406, 'Костромская улица', '48.46526', '34.895515', 1),
(407, 'Котельная улица', '48.486864', '35.140234', 1),
(408, 'Кохановская улица', '48.444771', '34.784942', 1),
(409, 'Краевая улица', '48.562968', '34.930882', 1),
(410, 'Краковская улица', '48.495773', '35.048966', 1),
(411, 'Красноводская улица', '48.48613', '35.128395', 1),
(412, 'Краснокалиновый переулок', '48.476275', '34.917821', 1),
(413, 'Краснопольская улица', '48.409867', '34.997223', 1),
(414, 'Красный переулок', '48.447084', '34.790305', 1),
(415, 'Крепостная улица', '48.486649', '34.956897', 1),
(416, 'Кривой проезд', '48.401877', '34.954409', 1),
(417, 'Криворожская улица', '48.442045', '34.978915', 1),
(418, 'Криворожский переулок', '48.44241', '34.976903', 1),
(419, 'Криворожское шоссе', '48.43498', '34.948938', 1),
(420, 'Крутая улица', '48.449976', '34.993063', 1),
(421, 'Крутогорная улица', '48.453938', '34.769293', 1),
(422, 'Крутогорный спуск', '48.464089', '35.057904', 1),
(423, 'Крутой спуск', '48.452576', '34.890682', 1),
(424, 'Кубанская улица', '48.515896', '34.948947', 1),
(425, 'Кузбасская улица', '48.528415', '35.059458', 1),
(426, 'Кузнечная улица', '48.497773', '35.018135', 1),
(427, 'Кузнечный переулок', '48.497904', '35.018845', 1),
(428, 'Кулешовская улица', '48.454565', '35.028331', 1),
(429, 'Куликовская улица', '48.510017', '35.060653', 1),
(430, 'Куренная улица', '48.485646', '34.964272', 1),
(431, 'Курильская улица', '48.460098', '34.889443', 1),
(432, 'Курская улица', '48.498872', '35.197358', 1),
(433, 'Кустанайская улица', '48.459029', '34.933514', 1),
(434, 'Лабораторная улица', '48.436732', '35.053448', 1),
(435, 'Лавандовая улица', '48.466395', '34.880756', 1),
(436, 'Ладожская улица', '48.486739', '35.132275', 1),
(437, 'Лебединая улица', '48.490901', '35.194097', 1),
(438, 'Левобережная улица', '48.410436', '35.128089', 1),
(439, 'Ленская улица', '48.411901', '35.01385', 1),
(440, 'Лесная улица', '48.449223', '34.997321', 1),
(441, 'Лесной переулок', '48.436032', '34.815862', 1),
(442, 'Лесозаводская улица', '48.539255', '35.1158', 1),
(443, 'Лесопарковая улица', '48.485102', '35.118001', 1),
(444, 'Лётный переулок', '48.4444', '35.064812', 1),
(445, 'Летняя улица', '48.540514', '35.112719', 1),
(446, 'Липецкая улица', '48.459961', '34.98868', 1),
(447, 'Липовая улица', '48.487551', '35.120525', 1),
(448, 'Лисичанская улица', '48.51423', '35.065602', 1),
(449, 'Литейная улица', '48.465798', '35.060365', 1),
(450, 'Лодочная улица', '48.485688', '35.188734', 1),
(451, 'Лозовая улица', '48.519763', '35.034736', 1),
(452, 'Ломаная улица', '48.467082', '35.054409', 1),
(453, 'Ломаный переулок', '48.466688', '35.058245', 1),
(454, 'Лоцманская улица', '48.401895', '35.082643', 1),
(455, 'Лоцманский спуск', '48.443557', '35.060868', 1),
(456, 'Лубенская улица', '48.481239', '34.966231', 1),
(457, 'Луганская улица', '48.490668', '35.052756', 1),
(458, 'Луговская улица', '48.498101', '35.056341', 1),
(459, 'Луговской переулок', '48.499176', '35.053062', 1),
(460, 'Лужниковая улица', '48.567559', '34.92807', 1),
(461, 'Лунная улица', '48.447418', '34.767676', 1),
(462, 'Лунный переулок', '48.445906', '34.768512', 1),
(463, 'Луцкая улица', '48.462285', '35.19955', 1),
(464, 'Лучевая улица', '48.43877', '35.056305', 1),
(465, 'Лучистый переулок', '48.54973', '34.964461', 1),
(466, 'Львовский переулок', '48.475284', '34.866428', 1),
(467, 'Любимый переулок', '48.378722', '34.978843', 1),
(468, 'Люблинский переулок', '48.445081', '35.063285', 1),
(469, 'Люблянская улица', '48.474573', '35.11713', 1),
(470, 'Магаданская улица', '48.48389', '35.110851', 1),
(471, 'Магазинная улица', '48.485001', '34.957059', 1),
(472, 'Магистральная улица', '48.495355', '35.151059', 1),
(473, 'Магнитная улица', '48.503468', '35.069097', 1),
(474, 'Магнитогорская улица', '48.398449', '35.013617', 1),
(475, 'Майская улица', '48.530939', '35.06359', 1),
(476, 'Макеевская улица', '48.478862', '34.93037', 1),
(477, 'Малахитовый переулок', '48.472632', '34.927316', 1),
(478, 'Малая улица', '48.404078', '34.933074', 1),
(479, 'Малосамарский переулок', '48.482702', '35.176356', 1),
(480, 'Мальвовая улица', '48.451685', '34.789388', 1),
(481, 'Малый переулок', '48.411046', '34.974612', 1),
(482, 'Мандрыковская улица', '48.432314', '35.064156', 1),
(483, 'Мандрыковский переулок', '48.423795', '35.055649', 1),
(484, 'Манежный переулок', '48.471294', '34.862278', 1),
(485, 'Мануйловский проспект', '48.491665', '35.04954', 1),
(486, 'Марийская улица', '48.459823', '35.213249', 1),
(487, 'Марийский переулок', '48.460481', '35.212782', 1),
(488, 'Мариупольская улица', '48.496119', '35.048525', 1),
(489, 'Мартеновская улица', '48.451912', '34.982984', 1),
(490, 'массив Красный Камень', '48.483783', '34.9324', 1),
(491, 'Массивная улица', '48.479662', '35.128889', 1),
(492, 'Матросская улица', '48.418138', '35.006987', 1),
(493, 'Матросский переулок', '48.415955', '35.010581', 1),
(494, 'Межевая улица', '48.445093', '34.759385', 1),
(495, 'Мелиоративная улица', '48.512732', '35.046459', 1),
(496, 'Металлоконструкций улица', '48.472709', '34.886838', 1),
(497, 'Металлургическая улица', '48.455025', '34.961407', 1),
(498, 'Метростроевская улица', '48.480235', '34.912673', 1),
(499, 'Механическая улица', '48.478324', '35.115989', 1),
(500, 'Минеральная улица', '48.478652', '34.839083', 1),
(501, 'Минеральный переулок', '48.478712', '34.840637', 1),
(502, 'Минусинская улица', '48.540097', '34.965485', 1),
(503, 'Минусинский переулок', '48.534316', '34.970219', 1),
(504, 'Миргородская улица', '48.452773', '34.960751', 1),
(505, 'Мирная улица', '48.40077', '35.016393', 1),
(506, 'Могилевская улица', '48.467548', '34.997573', 1),
(507, 'Молодёжная улица', '48.417211', '35.006969', 1),
(508, 'Молодогвардейская улица', '48.476765', '35.112485', 1),
(509, 'Монастырский остров', '48.461401', '35.080631', 1),
(510, 'Мониторная улица', '48.478091', '34.909269', 1),
(511, 'Монтажная улица', '48.407188', '35.015189', 1),
(512, 'Морская улица', '48.440396', '35.054733', 1),
(513, 'Морской тупик', '48.440832', '35.054257', 1),
(514, 'Мостовая улица', '48.471628', '34.803582', 1),
(515, 'Мостостроительная улица', '48.487437', '35.180003', 1),
(516, 'Моторная улица', '48.553511', '34.942183', 1),
(517, 'Моторный переулок', '48.547672', '34.96474', 1),
(518, 'Моховая улица', '48.536535', '34.936892', 1),
(519, 'Мраморный переулок', '48.484798', '34.965216', 1),
(520, 'Мурманская улица', '48.482104', '35.074433', 1),
(521, 'Мысовая улица', '48.480259', '34.848435', 1),
(522, 'Мытищинская улица', '48.455976', '34.917838', 1),
(523, 'Набережная улица', '48.477058', '34.812179', 1),
(524, 'Навигационная улица', '48.47744', '34.875564', 1),
(525, 'Нагатинская улица', '48.442147', '35.121478', 1),
(526, 'Нагорный переулок', '48.482714', '34.952154', 1),
(527, 'Надбалковская улица', '48.44241', '34.976948', 1),
(528, 'Наклонная улица', '48.441358', '34.844734', 1),
(529, 'Нарвская улица', '48.480749', '34.8597', 1),
(530, 'Нарвский переулок', '48.387704', '34.986209', 1),
(531, 'Народная улица', '48.455384', '34.903367', 1),
(532, 'Нарымская улица', '48.455778', '35.003223', 1),
(533, 'Невская улица', '48.546067', '34.949396', 1),
(534, 'Нежинская улица', '48.470003', '34.901381', 1),
(535, 'Нежинский переулок', '48.470117', '34.907607', 1),
(536, 'Неманский переулок', '48.468438', '34.920731', 1),
(537, 'Неманский тупик', '48.491199', '35.052505', 1),
(538, 'Немировская улица', '48.486088', '35.178898', 1),
(539, 'Неровная улица', '48.471598', '35.092687', 1),
(540, 'Нижегородская улица', '48.439105', '35.137324', 1),
(541, 'Нижняя улица', '48.441621', '34.850456', 1),
(542, 'Николаевская улица', '48.429588', '35.036748', 1),
(543, 'Никопольская улица', '48.443952', '35.012745', 1),
(544, 'Новаторская улица', '48.490799', '35.155488', 1),
(545, 'Новая улица', '48.433773', '34.796844', 1),
(546, 'Новгород-Северская улица', '48.525891', '34.998983', 1),
(547, 'Новгородская улица', '48.490507', '35.156647', 1),
(548, 'Новобогородицкая улица', '48.502543', '35.181575', 1),
(549, 'Новогодняя улица', '48.410687', '35.060581', 1),
(550, 'Новозаводская улица', '48.497355', '35.058838', 1),
(551, 'Новозаводской переулок', '48.498412', '35.05917', 1),
(552, 'Новокодацкая площадь', '48.480355', '34.943', 1),
(553, 'Новокозловский проезд', '48.442099', '34.958433', 1),
(554, 'Новокрымская улица', '48.423053', '35.006556', 1),
(555, 'Новомосковская улица', '48.50597', '35.063366', 1),
(556, 'Новоорловская улица', '48.46063', '34.979193', 1),
(557, 'Новопавелецкая улица', '48.40464', '34.948193', 1),
(558, 'Новопокровская улица', '48.448542', '34.847375', 1),
(559, 'Новопоточная улица', '48.408396', '34.928439', 1),
(560, 'Новороссийская улица', '48.497439', '35.023983', 1),
(561, 'Новосамарская улица', '48.495379', '35.186677', 1),
(562, 'Новосёловская улица', '48.501665', '35.066528', 1),
(563, 'Новосельная улица', '48.44752', '35.017929', 1),
(564, 'Новостепная улица', '48.453986', '34.909969', 1),
(565, 'Новостроительная улица', '48.419071', '34.998588', 1),
(566, 'Новоукраинская улица', '48.408474', '34.973741', 1),
(567, 'Новочеркасская улица', '48.512332', '35.018234', 1),
(568, 'Новочеркасский переулок', '48.514839', '35.010446', 1),
(569, 'Новошахтинская улица', '48.408426', '34.914928', 1),
(570, 'Новошкольная улица', '48.40537', '34.949172', 1),
(571, 'Новый переулок', '48.436893', '34.795012', 1),
(572, 'Норильская улица', '48.43871', '35.124613', 1),
(573, 'Областная улица', '48.553809', '34.955334', 1),
(574, 'Обоянская улица', '48.514201', '35.067722', 1),
(575, 'Обсерваторная улица', '48.427717', '35.045741', 1),
(576, 'Обуховская улица', '48.488464', '35.05697', 1),
(577, 'Обходная улица', '48.495492', '35.024711', 1),
(578, 'Обходной переулок', '48.495361', '35.024352', 1),
(579, 'Огородная улица', '48.421391', '35.030748', 1),
(580, 'Одаровская улица', '48.433055', '34.796234', 1),
(581, 'Одесский переулок', '48.516295', '35.025151', 1),
(582, 'Одинковская улица', '48.49151', '35.195382', 1),
(583, 'Озёрный переулок', '48.487413', '35.057697', 1),
(584, 'Озёрный спуск', '48.472172', '35.014425', 1),
(585, 'Океанская улица', '48.473307', '35.101885', 1),
(586, 'Океанский тупик', '48.471867', '35.105506', 1),
(587, 'Окопный переулок', '48.535742', '34.967111', 1),
(588, 'Окружная улица', '48.406907', '34.926067', 1),
(589, 'Окская улица', '48.439326', '35.126391', 1),
(590, 'Олевский переулок', '48.512344', '35.003313', 1),
(591, 'Олешковская улица', '48.458766', '35.216771', 1),
(592, 'Олимпийская улица', '48.431752', '34.785678', 1),
(593, 'Олимпийский переулок', '48.431848', '34.783756', 1),
(594, 'Омская улица', '48.469579', '34.89892', 1),
(595, 'Онежская улица', '48.516092', '35.015692', 1),
(596, 'Оранжевая улица', '48.387967', '34.977082', 1),
(597, 'Оранжерейная улица', '48.47121', '35.200754', 1),
(598, 'Орбитальная улица', '48.468976', '34.931699', 1),
(599, 'Орельский тупик', '48.5101', '35.043612', 1),
(600, 'Оренбургская улица', '48.523671', '35.067911', 1),
(601, 'Ореховая улица', '48.472076', '35.156943', 1),
(602, 'Орлиная улица', '48.501516', '35.196577', 1),
(603, 'Орловская улица', '48.466025', '34.988644', 1),
(604, 'Орская улица', '48.47489', '34.922707', 1),
(605, 'Осенняя улица', '48.504477', '35.090495', 1),
(606, 'Осетинская улица', '48.495247', '35.016572', 1),
(607, 'Острожская улица', '48.416667', '34.911712', 1),
(608, 'Отечественная улица', '48.51013', '35.028619', 1),
(609, 'Отрадный переулок', '48.416254', '35.068764', 1),
(610, 'Очаковская улица', '48.46477', '34.88832', 1),
(611, 'Павелецкая улица', '48.403665', '34.947932', 1),
(612, 'Павлоградская улица', '48.496167', '35.015324', 1),
(613, 'Палисадная улица', '48.438011', '35.138141', 1),
(614, 'Пальмовая улица', '48.476198', '35.156476', 1),
(615, 'Памирская улица', '48.495892', '35.148068', 1),
(616, 'Панельная улица', '48.417893', '35.009934', 1),
(617, 'Парадная улица', '48.49637', '35.049783', 1),
(618, 'Параллельная улица', '48.441573', '34.961047', 1),
(619, 'Парковая улица', '48.447466', '34.77692', 1),
(620, 'Парковый переулок', '48.447556', '34.777719', 1),
(621, 'Парниковая улица', '48.509324', '35.047726', 1),
(622, 'Партизанская улица', '48.403492', '34.924711', 1),
(623, 'Парусный переулок', '48.480611', '34.907607', 1),
(624, 'Патриотическая улица', '48.410448', '35.009826', 1),
(625, 'Педагогическая улица', '48.41092', '35.126975', 1),
(626, 'Пензенская улица', '48.496101', '35.155721', 1),
(627, 'Первомайская улица', '48.460911', '34.912242', 1),
(628, 'Первомайский переулок', '48.460242', '34.910957', 1),
(629, 'Передовая улица', '48.527807', '34.970417', 1),
(630, 'Передовой переулок', '48.527138', '34.975717', 1),
(631, 'Переездная улица', '48.488859', '35.141627', 1),
(632, 'переулок 8 Марта', '48.437329', '34.782732', 1),
(633, 'переулок Августина Волошина', '48.376586', '34.980819', 1),
(634, 'переулок Академика Павлова', '48.431387', '34.819967', 1),
(635, 'переулок Антина Синявского', '48.38187', '34.986353', 1),
(636, 'переулок Астронавтов', '48.389517', '34.987584', 1),
(637, 'переулок Баженова', '48.384078', '34.988141', 1),
(638, 'переулок Беринга', '48.444239', '34.974298', 1),
(639, 'переулок Богомаза', '48.507898', '35.048364', 1),
(640, 'переулок Бориса Познанского', '48.370762', '34.978744', 1),
(641, 'переулок Брюллова', '48.459214', '34.94689', 1),
(642, 'переулок Бурденко', '48.388458', '34.987593', 1),
(643, 'переулок Вагнера', '48.46707', '34.880028', 1),
(644, 'переулок Вдовенко', '48.372989', '34.978394', 1),
(645, 'переулок Вербицкого', '48.376233', '34.977684', 1),
(646, 'переулок Весенних Ландышей', '48.503218', '35.033389', 1),
(647, 'переулок Веснина', '48.382989', '34.987323', 1),
(648, 'переулок Возрождения', '48.470577', '34.880262', 1),
(649, 'переулок Генерала Ткаченко', '48.437007', '34.788427', 1),
(650, 'переулок Герцена', '48.464729', '34.876732', 1),
(651, 'переулок Глебова', '48.461986', '34.87692', 1),
(652, 'переулок Гоголя', '48.451434', '35.049442', 1),
(653, 'переулок Горького', '48.449115', '34.775024', 1),
(654, 'переулок Гребёнкина', '48.486434', '34.958856', 1),
(655, 'переулок Гринченко', '48.505044', '35.049244', 1),
(656, 'переулок Давыдова', '48.461377', '34.993423', 1),
(657, 'переулок Денисова', '48.387734', '34.983999', 1),
(658, 'переулок Джинчарадзе', '48.409491', '35.026858', 1),
(659, 'переулок Динника', '48.509175', '35.065513', 1),
(660, 'переулок Днепростроя', '48.474645', '35.155739', 1),
(661, 'переулок Добровольцев', '48.410561', '35.078826', 1),
(662, 'переулок Дружбы', '48.453442', '34.771081', 1),
(663, 'переулок Желваковского', '48.495642', '35.062234', 1),
(664, 'переулок Здоровья', '48.474436', '35.154176', 1),
(665, 'переулок Ивана Купалы', '48.443587', '35.129383', 1),
(666, 'переулок Ивана Пулюя', '48.507659', '35.064812', 1),
(667, 'переулок Ивана Сохача', '48.437754', '34.801138', 1),
(668, 'переулок Игнатьева', '48.471503', '35.016411', 1),
(669, 'переулок Кибальчича', '48.484404', '34.955667', 1),
(670, 'переулок Кирина', '48.484069', '34.969285', 1),
(671, 'переулок Кожемяки', '48.508978', '35.066698', 1),
(672, 'переулок Короленко', '48.474884', '34.902037', 1),
(673, 'переулок Костя Пестушко', '48.411871', '34.913832', 1),
(674, 'переулок Крамского', '48.448303', '34.986694', 1),
(675, 'переулок Лермонтова', '48.444173', '34.775842', 1),
(676, 'переулок Леся Танюка', '48.47569', '34.881547', 1),
(677, 'переулок Лётчиков', '48.426401', '35.049145', 1),
(678, 'переулок Любарского', '48.484099', '35.066582', 1),
(679, 'переулок Маковского', '48.376718', '34.970552', 1),
(680, 'переулок Мастеров', '48.453842', '34.888508', 1),
(681, 'переулок Мицкевича', '48.467954', '34.895551', 1),
(682, 'переулок Молодости', '48.38999', '34.992156', 1),
(683, 'переулок Назария Яремчука', '48.445739', '34.790332', 1),
(684, 'переулок Обручева', '48.448781', '35.068702', 1),
(685, 'переулок Одоевского', '48.427585', '35.033398', 1),
(686, 'переулок Орлика', '48.456131', '34.997932', 1),
(687, 'переулок Освобождения', '48.535235', '34.995713', 1),
(688, 'переулок Осипенко', '48.509533', '35.009503', 1),
(689, 'переулок Отдыха', '48.481776', '35.194654', 1),
(690, 'переулок Паганини', '48.389409', '34.985015', 1),
(691, 'переулок Перовской', '48.504955', '35.067237', 1),
(692, 'переулок Платова', '48.39042', '34.985158', 1),
(693, 'переулок Поленова', '48.513765', '35.011066', 1),
(694, 'переулок Пристань', '48.504035', '35.184027', 1),
(695, 'переулок Пушкина', '48.433318', '34.815484', 1),
(696, 'переулок Ревина', '48.476807', '34.863086', 1),
(697, 'переулок Робеспьера', '48.511551', '35.011102', 1),
(698, 'переулок Росси', '48.387919', '34.991671', 1),
(699, 'переулок Скляренко', '48.371594', '34.972438', 1),
(700, 'переулок Славы', '48.465911', '34.894285', 1),
(701, 'переулок Стасова', '48.378639', '34.982517', 1),
(702, 'переулок Стефаника', '48.484075', '35.195669', 1),
(703, 'переулок Терпигорева', '48.370074', '34.97799', 1),
(704, 'переулок Тонконог', '48.370439', '34.975708', 1),
(705, 'переулок Тютюнника', '48.511891', '35.061901', 1),
(706, 'переулок Фурманова', '48.44535', '35.055496', 1),
(707, 'переулок Шевченко', '48.458838', '35.050053', 1),
(708, 'переулок Штрауса', '48.387297', '34.991168', 1),
(709, 'переулок Яворницкого', '48.372899', '34.974082', 1),
(710, 'Переяславская улица', '48.432517', '35.062863', 1),
(711, 'Переяславский переулок', '48.419782', '35.056898', 1),
(712, 'Перспективная улица', '48.477774', '34.902136', 1),
(713, 'Песочная улица', '48.497015', '35.028933', 1),
(714, 'Петриковская улица', '48.544403', '34.947267', 1),
(715, 'Петрозаводская улица', '48.522209', '35.002891', 1),
(716, 'Пихтовый переулок', '48.441896', '35.007832', 1),
(717, 'Планерная улица', '48.486631', '35.135312', 1),
(718, 'Планетная улица', '48.482039', '35.0726', 1),
(719, 'площадь Героев Майдана', '48.463976', '35.045516', 1),
(720, 'Повстанческая улица', '48.472835', '34.909879', 1),
(721, 'Повстанческий переулок', '48.473856', '34.90917', 1),
(722, 'Подгорная улица', '48.41632', '35.158075', 1),
(723, 'Подгороднянская улица', '48.515352', '35.046549', 1),
(724, 'Подсолнечная улица', '48.495295', '35.19964', 1),
(725, 'Пожарная улица', '48.498454', '35.02119', 1),
(726, 'Пожарный переулок', '48.49766', '35.019609', 1),
(727, 'Полевая улица', '48.422354', '35.152002', 1),
(728, 'Полесская улица', '48.460953', '34.888365', 1),
(729, 'Полигонная улица', '48.446623', '35.050169', 1),
(730, 'Полковая улица', '48.43868', '35.045148', 1),
(731, 'Полтавская улица', '48.507229', '35.071792', 1),
(732, 'Поречковый переулок', '48.480695', '35.178323', 1),
(733, 'Пороховая улица', '48.45769', '34.920426', 1),
(734, 'Порт-Артурская улица', '48.478145', '35.16837', 1),
(735, 'Порт-Артурский переулок', '48.478193', '35.168549', 1),
(736, 'Портовая улица', '48.495021', '35.025169', 1),
(737, 'Поэтический переулок', '48.511879', '35.004876', 1),
(738, 'Правобережная улица', '48.463104', '34.94512', 1),
(739, 'Праздничная улица', '48.52397', '35.113761', 1),
(740, 'Прессовая улица', '48.398156', '35.006888', 1),
(741, 'Прессовый переулок', '48.400925', '35.008362', 1),
(742, 'Приазовская улица', '48.455145', '34.909691', 1),
(743, 'Прибрежная улица', '48.404096', '35.145786', 1),
(744, 'Привлекательный переулок', '48.371205', '34.973534', 1),
(745, 'Привокзальная улица', '48.475965', '35.018944', 1),
(746, 'Привольная улица', '48.47388', '35.006547', 1),
(747, 'Пригородная улица', '48.504835', '35.065288', 1),
(748, 'Приднепровская улица', '48.508835', '35.014506', 1),
(749, 'Придорожный переулок', '48.478461', '34.865332', 1),
(750, 'Призаводская улица', '48.435118', '35.025241', 1),
(751, 'Приморская улица', '48.47069', '34.892371', 1),
(752, 'Приовражная улица', '48.463468', '34.883388', 1),
(753, 'Прогрессивная улица', '48.48352', '35.069357', 1),
(754, 'Проектная улица', '48.442876', '34.967084', 1),
(755, 'Проектный переулок', '48.442846', '34.97233', 1),
(756, 'Производственная улица', '48.435518', '35.126023', 1),
(757, 'Промежуточная улица', '48.496513', '35.026876', 1),
(758, 'Промышленная улица', '48.499295', '35.027199', 1),
(759, 'Прорезная улица', '48.468008', '35.204518', 1),
(760, 'Просветительская улица', '48.495803', '35.042417', 1),
(761, 'Просёлочная улица', '48.406363', '34.903879', 1),
(762, 'Проскуровская улица', '48.496191', '35.047151', 1),
(763, 'проспект Александра Поля', '48.447813', '35.019555', 1),
(764, 'проспект Богдана Хмельницкого', '48.40543', '35.001148', 1),
(765, 'проспект Гагарина', '48.437216', '35.047438', 1),
(766, 'проспект Героев', '48.412122', '35.064713', 1),
(767, 'проспект Дмитрия Яворницкого', '48.4648', '35.044914', 1),
(768, 'проспект Ивана Мазепы', '48.467978', '34.981619', 1),
(769, 'проспект Металлургов', '48.448667', '34.968243', 1),
(770, 'проспект Мира', '48.528397', '35.017489', 1),
(771, 'проспект Петра Калнышевского', '48.510834', '35.085347', 1),
(772, 'проспект Пушкина', '48.467315', '35.020884', 1),
(773, 'проспект Свободы', '48.481919', '34.960356', 1),
(774, 'проспект Сергея Нигояна', '48.476711', '34.989057', 1),
(775, 'проспект Филиппа Орлика', '48.449115', '35.02384', 1),
(776, 'Просторная улица', '48.45383', '34.886505', 1),
(777, 'Просторный переулок', '48.456268', '34.887062', 1),
(778, 'Профессиональная улица', '48.45836', '34.885113', 1),
(779, 'Профсоюзная улица', '48.48128', '35.168199', 1),
(780, 'Прямая улица', '48.460182', '34.944375', 1),
(781, 'Прямой переулок', '48.459728', '34.94512', 1),
(782, 'Пулковская улица', '48.512231', '35.079005', 1),
(783, 'Путейская улица', '48.487599', '35.13921', 1),
(784, 'Путиловская улица', '48.511825', '35.071343', 1),
(785, 'Пушкарская улица', '48.46627', '35.149981', 1),
(786, 'Пушкарский переулок', '48.468086', '35.15132', 1),
(787, 'Пшеничная улица', '48.463432', '35.198284', 1),
(788, 'Пятихатская улица', '48.46351', '34.899872', 1),
(789, 'Рабкоровская улица', '48.537788', '34.936928', 1),
(790, 'Рабочая улица', '48.453932', '35.003816', 1),
(791, 'Рабочий переулок', '48.449259', '34.789775', 1),
(792, 'Радиальная улица', '48.441167', '35.128925', 1),
(793, 'Радомский переулок', '48.508447', '35.050601', 1),
(794, 'Радостная улица', '48.409443', '35.060509', 1),
(795, 'Радужная улица', '48.512297', '35.042668', 1),
(796, 'Раздельная улица', '48.502698', '35.022708', 1),
(797, 'Разъездная улица', '48.476251', '35.190217', 1),
(798, 'Ракитинский переулок', '48.47164', '34.936362', 1),
(799, 'Ракитный переулок', '48.403282', '35.091141', 1),
(800, 'Рассветная улица', '48.40467', '35.131251', 1),
(801, 'Ратная улица', '48.409538', '34.972456', 1),
(802, 'Реактивный переулок', '48.448864', '35.049091', 1),
(803, 'Резервная улица', '48.527061', '34.940979', 1),
(804, 'Республиканская улица', '48.45533', '34.889757', 1),
(805, 'Решетиловская улица', '48.512511', '35.069169', 1),
(806, 'Ржевская улица', '48.417122', '35.010374', 1),
(807, 'Рижская улица', '48.519154', '35.033712', 1),
(808, 'Рижский переулок', '48.482457', '34.969105', 1),
(809, 'Ровенская улица', '48.445864', '35.038707', 1),
(810, 'Рождественский переулок', '48.455677', '34.879148', 1),
(811, 'Розовый переулок', '48.385825', '34.975142', 1),
(812, 'Ромодановская улица', '48.474549', '34.841248', 1),
(813, 'Ростовская улица', '48.497307', '35.050403', 1),
(814, 'Ростовский тупик', '48.491605', '35.057248', 1),
(815, 'Роторная улица', '48.409036', '35.131934', 1),
(816, 'Рубиновый бульвар', '48.481561', '34.933469', 1),
(817, 'Рудная улица', '48.457798', '34.909915', 1),
(818, 'Рудничная улица', '48.472901', '34.863706', 1),
(819, 'Рыбинская улица', '48.429737', '35.029643', 1),
(820, 'Рябиновая улица', '48.477147', '34.93187', 1),
(821, 'Садовая улица', '48.454667', '34.789658', 1),
(822, 'Садовый переулок', '48.403635', '35.077712', 1),
(823, 'Самарская улица', '48.505032', '35.064039', 1),
(824, 'Самарский спуск', '48.481047', '35.142624', 1),
(825, 'Самойловский тупик', '48.500961', '35.014147', 1),
(826, 'Сапёрная улица', '48.49797', '35.053484', 1),
(827, 'Саранская улица', '48.508083', '35.012081', 1),
(828, 'Саратовская улица', '48.521577', '35.070723', 1),
(829, 'Сарматская улица', '48.486416', '35.058748', 1),
(830, 'Святогорская улица', '48.479722', '35.173867', 1),
(831, 'Севастопольская улица', '48.444639', '35.055963', 1),
(832, 'Северная улица', '48.48383', '34.942776', 1),
(833, 'Северный переулок', '48.443312', '34.979283', 1),
(834, 'Северодвинская улица', '48.50117', '35.01977', 1),
(835, 'Северодонецкая улица', '48.476634', '35.194448', 1),
(836, 'Северянская улица', '48.440593', '34.97189', 1),
(837, 'Сельская улица', '48.561746', '34.931044', 1),
(838, 'Семафорная улица', '48.487509', '35.130443', 1),
(839, 'Семипалатинская улица', '48.507247', '35.040072', 1),
(840, 'Семипалатинский переулок', '48.50628', '35.042668', 1),
(841, 'Серебряная улица', '48.514982', '35.065944', 1),
(842, 'Серебряный переулок', '48.502961', '35.070435', 1),
(843, 'Серпуховская улица', '48.410657', '35.014713', 1),
(844, 'Сибирская улица', '48.486297', '34.954427', 1),
(845, 'Силовая улица', '48.451697', '34.981466', 1),
(846, 'Симеизская улица', '48.509169', '35.062656', 1),
(847, 'Симиренковская улица', '48.504817', '35.033649', 1),
(848, 'Симферопольская улица', '48.447926', '35.064938', 1),
(849, 'Симферопольский переулок', '48.447227', '35.065288', 1),
(850, 'Синельниковская улица', '48.488554', '35.138312', 1),
(851, 'Синельниковский переулок', '48.487551', '35.139309', 1),
(852, 'Сиреневая улица', '48.480086', '35.169313', 1),
(853, 'Сказочная улица', '48.438047', '34.809178', 1),
(854, 'Скаутский переулок', '48.407242', '34.908622', 1),
(855, 'Скоростная улица', '48.50828', '35.030164', 1),
(856, 'Славгородская улица', '48.511222', '34.999702', 1),
(857, 'Славная улица', '48.434018', '34.799503', 1),
(858, 'Славянская улица', '48.413767', '35.053843', 1),
(859, 'Слобожанский проспект', '48.513216', '35.077649', 1),
(860, 'Смежная улица', '48.390055', '34.983595', 1),
(861, 'Смелый переулок', '48.533588', '34.986075', 1),
(862, 'Снайперская улица', '48.421373', '35.046657', 1),
(863, 'Снежная улица', '48.470446', '35.092363', 1),
(864, 'Снежный переулок', '48.444789', '34.760274', 1),
(865, 'Соборная площадь', '48.457236', '35.065405', 1),
(866, 'Солидарная улица', '48.409538', '35.009161', 1),
(867, 'Солнечная улица', '48.459375', '34.919815', 1),
(868, 'Солнечногорская улица', '48.469263', '35.203898', 1),
(869, 'Солнечный переулок', '48.484893', '34.961038', 1),
(870, 'Соловьиная улица', '48.479303', '35.203099', 1),
(871, 'Солончаковая улица', '48.507134', '35.037916', 1),
(872, 'Солончаковый переулок', '48.506214', '35.043809', 1),
(873, 'Солончаковый тупик', '48.505068', '35.041447', 1),
(874, 'Сормовская улица', '48.496579', '35.015315', 1),
(875, 'Сортировочная улица', '48.478844', '35.121999', 1),
(876, 'Сосновая улица', '48.418072', '34.938778', 1),
(877, 'Софиевская улица', '48.415914', '35.002756', 1),
(878, 'спуск Горнолыжников', '48.451745', '34.988015', 1),
(879, 'Ставропольская улица', '48.453908', '34.973193', 1),
(880, 'Стадионная улица', '48.40839', '34.944303', 1),
(881, 'Стадионный переулок', '48.45202', '34.775186', 1),
(882, 'Сталеваровская улица', '48.477685', '34.925959', 1),
(883, 'Станичная улица', '48.427609', '35.044447', 1),
(884, 'Старобазарная улица', '48.487831', '34.953933', 1),
(885, 'Старомостовая площадь', '48.477297', '35.020318', 1),
(886, 'Стартовая улица', '48.396116', '35.053394', 1),
(887, 'Степная улица', '48.432314', '34.795937', 1),
(888, 'Степной тупик', '48.450436', '34.972995', 1),
(889, 'Столбовая улица', '48.49588', '35.002163', 1),
(890, 'Столярная улица', '48.496668', '35.150439', 1),
(891, 'Стрелецкий переулок', '48.479817', '34.859888', 1),
(892, 'Стрелочная улица', '48.474561', '35.08789', 1),
(893, 'Строительный тупик', '48.41763', '35.003098', 1),
(894, 'Студенческий переулок', '48.403809', '35.014165', 1),
(895, 'Сумская улица', '48.448321', '34.971935', 1),
(896, 'Сурская улица', '48.408611', '35.017614', 1),
(897, 'Сурской переулок', '48.489665', '34.958047', 1),
(898, 'Сухумская улица', '48.453418', '34.974612', 1),
(899, 'Сызранская улица', '48.496913', '35.026337', 1),
(900, 'Табачная улица', '48.452755', '34.979508', 1),
(901, 'Таврический переулок', '48.507504', '35.012503', 1),
(902, 'Таганрогская улица', '48.508608', '35.00087', 1),
(903, 'Таганрогский переулок', '48.504985', '35.00528', 1),
(904, 'Таганская улица', '48.47213', '34.902289', 1),
(905, 'Тагильская улица', '48.497337', '35.027523', 1),
(906, 'Тагильский переулок', '48.506966', '35.064138', 1),
(907, 'Таджикская улица', '48.468217', '35.198939', 1),
(908, 'Таймырская улица', '48.493164', '35.157734', 1),
(909, 'Тайшетский переулок', '48.488656', '34.958595', 1),
(910, 'Таллинская улица', '48.469179', '35.021055', 1),
(911, 'Тамбовская улица', '48.460965', '35.014668', 1),
(912, 'Танковый переулок', '48.483239', '34.962036', 1),
(913, 'Таращанская улица', '48.491814', '35.156674', 1);
INSERT INTO `streets` (`id`, `address`, `c1`, `c2`, `city_id`) VALUES
(914, 'Татарская улица', '48.400991', '34.963266', 1),
(915, 'Ташкентская улица', '48.452432', '34.961838', 1),
(916, 'Тбилисская улица', '48.503707', '35.070076', 1),
(917, 'Тверская улица', '48.510142', '35.079383', 1),
(918, 'Театральная улица', '48.443557', '35.000223', 1),
(919, 'Театральный бульвар', '48.46713', '35.045067', 1),
(920, 'Телевизионная улица', '48.444944', '35.04804', 1),
(921, 'Тенистая улица', '48.453257', '34.960859', 1),
(922, 'Тепличный переулок', '48.407714', '34.917246', 1),
(923, 'Терещенковская улица', '48.52138', '35.032122', 1),
(924, 'Терновская улица', '48.445775', '34.771377', 1),
(925, 'Тернопольская улица', '48.395045', '35.087413', 1),
(926, 'Тесная улица', '48.474292', '35.001552', 1),
(927, 'Тихая улица', '48.509736', '35.061335', 1),
(928, 'Тихвинская улица', '48.436343', '35.05511', 1),
(929, 'Товарищеская улица', '48.461455', '34.885912', 1),
(930, 'Товарищеский переулок', '48.462243', '34.886739', 1),
(931, 'Томская улица', '48.463534', '35.145499', 1),
(932, 'Томский переулок', '48.477643', '35.158255', 1),
(933, 'Тополиная улица', '48.391061', '35.024298', 1),
(934, 'Торговая улица', '48.49877', '35.022887', 1),
(935, 'Торговый переулок', '48.450185', '34.766185', 1),
(936, 'Трамвайная улица', '48.497104', '35.046316', 1),
(937, 'Транспортная улица', '48.495104', '35.152254', 1),
(938, 'Трансформаторная улица', '48.522066', '35.015575', 1),
(939, 'Трансформаторный переулок', '48.522818', '35.015575', 1),
(940, 'Трипольская улица', '48.508309', '35.043378', 1),
(941, 'Троицкая площадь', '48.463008', '35.044366', 1),
(942, 'Троицкая улица', '48.456418', '35.036272', 1),
(943, 'Трудовая улица', '48.48223', '34.941482', 1),
(944, 'Тульчинский переулок', '48.506543', '35.018854', 1),
(945, 'тупик Давыдова', '48.460224', '34.995372', 1),
(946, 'тупик Казакова', '48.430688', '35.036452', 1),
(947, 'тупик Крутая балка', '48.428249', '35.051445', 1),
(948, 'тупик Тютюнника', '48.510554', '35.067004', 1),
(949, 'тупик Чайковского', '48.505307', '35.01067', 1),
(950, 'тупик Чухновского', '48.456209', '34.978996', 1),
(951, 'Тупиковая улица', '48.446749', '34.96889', 1),
(952, 'Тупиковый проезд', '48.442081', '34.987584', 1),
(953, 'Турбинный спуск', '48.472739', '35.011479', 1),
(954, 'Туркменская улица', '48.479375', '35.20556', 1),
(955, 'Тыловая улица', '48.402678', '34.957194', 1),
(956, 'Тюменский переулок', '48.46799', '34.922132', 1),
(957, 'Угольная улица', '48.41281', '34.922689', 1),
(958, 'Ужгородская улица', '48.444077', '35.012009', 1),
(959, 'Узбекская улица', '48.458999', '34.945992', 1),
(960, 'Узкий переулок', '48.449821', '34.768413', 1),
(961, 'Узловая улица', '48.496077', '35.024747', 1),
(962, 'улица 1 Мая', '48.418551', '35.010006', 1),
(963, 'улица 152-й Дивизии', '48.410896', '35.003295', 1),
(964, 'улица 20-летия Победы', '48.419424', '35.128565', 1),
(965, 'улица 230-й Стрелковой Дивизии', '48.538575', '34.978906', 1),
(966, 'улица 30-й Иркутской Дивизии', '48.465165', '34.911317', 1),
(967, 'улица 8 Марта', '48.458031', '35.071055', 1),
(968, 'улица Абая Кунанбаева', '48.466103', '34.890593', 1),
(969, 'улица Августина Волошина', '48.375389', '34.979876', 1),
(970, 'улица Автостроя', '48.414712', '35.002487', 1),
(971, 'улица Агнии Барто', '48.417845', '35.126257', 1),
(972, 'улица Адмирала Макарова', '48.410083', '35.126346', 1),
(973, 'улица Айвазовского', '48.496531', '35.025978', 1),
(974, 'улица Академика Белелюбского', '48.481418', '35.006053', 1),
(975, 'улица Академика Вавилова', '48.433749', '34.811828', 1),
(976, 'улица Академика Иванова', '48.427866', '34.804399', 1),
(977, 'улица Академика Кисловского', '48.434526', '34.806753', 1),
(978, 'улица Академика Лискуна', '48.431136', '34.805504', 1),
(979, 'улица Академика Павлова', '48.431256', '34.81349', 1),
(980, 'улица Академика Чекмарёва', '48.450896', '35.062863', 1),
(981, 'улица Академика Янгеля', '48.422641', '35.00246', 1),
(982, 'улица Аксакова', '48.425839', '35.03868', 1),
(983, 'улица Активистов', '48.460188', '35.217723', 1),
(984, 'улица Александра Галича', '48.400644', '35.145849', 1),
(985, 'улица Александра Кониского', '48.448052', '35.034655', 1),
(986, 'улица Александра Макарова', '48.4329', '34.999666', 1),
(987, 'улица Александра Матросова', '48.42096', '35.044609', 1),
(988, 'улица Александра Оцупа', '48.496191', '35.113905', 1),
(989, 'улица Александра Рейнгарда', '48.439619', '35.043845', 1),
(990, 'улица Александра Серебрякова', '48.472357', '35.207626', 1),
(991, 'улица Александрова', '48.470846', '34.986721', 1),
(992, 'улица Александры Рындовской', '48.409102', '35.014443', 1),
(993, 'улица Алексея Неживого', '48.536547', '34.953654', 1),
(994, 'улица Алексея Тищика', '48.445972', '34.98823', 1),
(995, 'улица Альвинского', '48.380978', '34.993423', 1),
(996, 'улица Амундсена', '48.461239', '34.934197', 1),
(997, 'улица Андрейченко', '48.462566', '34.870228', 1),
(998, 'улица Андрея Сахарова', '48.462303', '35.208345', 1),
(999, 'улица Антина Синявского', '48.381254', '34.983586', 1),
(1000, 'улица Аптекарская Балка', '48.462811', '35.001274', 1),
(1001, 'улица Арбузова', '48.50542', '35.066752', 1),
(1002, 'улица Аржанова', '48.501582', '35.069465', 1),
(1003, 'улица Артюшенко', '48.50283', '35.028744', 1),
(1004, 'улица Архитектора Дольника', '48.46385', '35.066564', 1),
(1005, 'улица Афанасьева-Чужбинского', '48.497003', '35.024603', 1),
(1006, 'улица Баженова', '48.387184', '34.993279', 1),
(1007, 'улица Бажова', '48.501468', '35.057679', 1),
(1008, 'улица Байкова', '48.4065', '35.088357', 1),
(1009, 'улица Байрона', '48.444819', '34.994034', 1),
(1010, 'улица Балакирева', '48.413049', '34.966069', 1),
(1011, 'улица Бардина', '48.461897', '35.01518', 1),
(1012, 'улица Баха', '48.44244', '35.054472', 1),
(1013, 'улица Бебеля', '48.4992', '35.018549', 1),
(1014, 'улица Белая Балка', '48.467244', '34.867659', 1),
(1015, 'улица Беляева', '48.513359', '34.989991', 1),
(1016, 'улица Беринга', '48.446785', '34.970022', 1),
(1017, 'улица Бестужева', '48.473486', '35.200395', 1),
(1018, 'улица Боброва', '48.472972', '35.016887', 1),
(1019, 'улица Богдана Хмельницкого', '48.504549', '35.081422', 1),
(1020, 'улица Богомаза', '48.513783', '35.035706', 1),
(1021, 'улица Богуна', '48.452791', '34.883406', 1),
(1022, 'улица Болятко', '48.439523', '34.846881', 1),
(1023, 'улица Бориса Мозолевского', '48.401488', '35.004849', 1),
(1024, 'улица Бориса Познанского', '48.3716', '34.979643', 1),
(1025, 'улица Братьев Бестужевых', '48.480158', '35.005658', 1),
(1026, 'улица Брюллова', '48.457882', '34.940476', 1),
(1027, 'улица Бурденко', '48.388201', '34.985329', 1),
(1028, 'улица Бутлерова', '48.49022', '35.049576', 1),
(1029, 'улица Вагнера', '48.466592', '34.87887', 1),
(1030, 'улица Вадима Сидура', '48.374354', '34.977262', 1),
(1031, 'улица Валентина Ларионова', '48.46431', '34.999253', 1),
(1032, 'улица Ванцетти', '48.491355', '35.070786', 1),
(1033, 'улица Василия Беднова', '48.378579', '34.978331', 1),
(1034, 'улица Василия Жуковского', '48.453902', '35.055568', 1),
(1035, 'улица Василия Капниста', '48.45092', '34.895174', 1),
(1036, 'улица Василия Каразина', '48.498424', '35.050951', 1),
(1037, 'улица Василия Сидоренко', '48.456872', '34.977064', 1),
(1038, 'улица Василия Симоненко', '48.405274', '35.133874', 1),
(1039, 'улица Василия Стуса', '48.465607', '34.900483', 1),
(1040, 'улица Василия Тютюнника', '48.511753', '35.060608', 1),
(1041, 'улица Василия Чапленко', '48.476335', '35.023229', 1),
(1042, 'улица Васнецова', '48.495015', '35.022663', 1),
(1043, 'улица Ватутина', '48.471628', '34.915512', 1),
(1044, 'улица Веснина', '48.383785', '34.986631', 1),
(1045, 'улица Виктора Мерзленко', '48.460672', '34.97551', 1),
(1046, 'улица Вильямса', '48.464478', '34.904822', 1),
(1047, 'улица Владимира Антоновича', '48.46529', '35.018081', 1),
(1048, 'улица Владимира Винниченко', '48.458921', '35.061524', 1),
(1049, 'улица Владимира Мономаха', '48.468271', '35.04645', 1),
(1050, 'улица Владимира Моссаковского', '48.45493', '35.053745', 1),
(1051, 'улица Владимира Самодрыги', '48.46897', '34.985616', 1),
(1052, 'улица Владимира Сосюры', '48.4058', '35.081269', 1),
(1053, 'улица Водопьянова', '48.453872', '34.989758', 1),
(1054, 'улица Вознюка', '48.403001', '35.127604', 1),
(1055, 'улица Возрождения', '48.468211', '34.909502', 1),
(1056, 'улица Волобуева', '48.432571', '34.783379', 1),
(1057, 'улица Володи Дубинина', '48.428177', '35.043342', 1),
(1058, 'улица Воспоминаний', '48.494991', '35.189956', 1),
(1059, 'улица Высоцкого', '48.510679', '34.985679', 1),
(1060, 'улица Вячеслава Липинского', '48.464621', '35.050053', 1),
(1061, 'улица Гавриленко', '48.438142', '35.015881', 1),
(1062, 'улица Гали Мазуренко', '48.504388', '35.031161', 1),
(1063, 'улица Галилея', '48.459531', '34.991446', 1),
(1064, 'улица Ганны Барвинок', '48.483974', '34.949378', 1),
(1065, 'улица Гарина', '48.415214', '35.054005', 1),
(1066, 'улица Гастелло', '48.457206', '34.87551', 1),
(1067, 'улица Гвая', '48.484141', '35.188896', 1),
(1068, 'улица Генерала Захарченко', '48.532979', '35.016734', 1),
(1069, 'улица Генерала Кравченко', '48.509151', '35.061847', 1),
(1070, 'улица Генерала Пушкина', '48.434305', '35.028655', 1),
(1071, 'улица Генерала Радиевского', '48.486404', '35.130083', 1),
(1072, 'улица Георгиевского', '48.522305', '34.991743', 1),
(1073, 'улица Георгия Каминского', '48.515842', '35.043836', 1),
(1074, 'улица Героев Днепра', '48.462548', '35.207644', 1),
(1075, 'улица Героев Крут', '48.450926', '35.064704', 1),
(1076, 'улица Героев Чернобыля', '48.404245', '35.138168', 1),
(1077, 'улица Герцена', '48.465953', '34.875177', 1),
(1078, 'улица Гетмана Петра Дорошенко', '48.417576', '35.064336', 1),
(1079, 'улица Гиляровского', '48.55159', '34.955774', 1),
(1080, 'улица Гладкова', '48.407786', '35.007517', 1),
(1081, 'улица Глазунова', '48.441543', '35.042264', 1),
(1082, 'улица Глебова', '48.46296', '34.87401', 1),
(1083, 'улица Глинки', '48.466258', '35.049019', 1),
(1084, 'улица Говорова', '48.409108', '35.012251', 1),
(1085, 'улица Гоголя', '48.456848', '35.051382', 1),
(1086, 'улица Голубовского', '48.498018', '35.030595', 1),
(1087, 'улица Гомоненко', '48.375006', '34.974343', 1),
(1088, 'улица Гончарова', '48.443026', '34.993252', 1),
(1089, 'улица Горького', '48.44853', '34.777261', 1),
(1090, 'улица Гречихина', '48.477774', '35.167435', 1),
(1091, 'улица Григория Грабянки', '48.505862', '35.051696', 1),
(1092, 'улица Григория Омельченко', '48.404855', '35.073894', 1),
(1093, 'улица Григория Сковороды', '48.44452', '34.847087', 1),
(1094, 'улица Гринченко', '48.514529', '35.030227', 1),
(1095, 'улица Гули Королёвой', '48.509772', '35.088213', 1),
(1096, 'улица Гусенко', '48.450412', '35.052712', 1),
(1097, 'улица Давыдова', '48.457917', '34.981709', 1),
(1098, 'улица Даниила Галицкого', '48.466001', '34.939425', 1),
(1099, 'улица Даниила Заболотного', '48.517018', '35.039946', 1),
(1100, 'улица Даниила Сахненко', '48.459782', '34.912556', 1),
(1101, 'улица Данилы Нечая', '48.393484', '34.9802', 1),
(1102, 'улица Дарвина', '48.453137', '35.036659', 1),
(1103, 'улица Дежнёва', '48.440252', '35.126823', 1),
(1104, 'улица Декабристов', '48.516737', '35.038716', 1),
(1105, 'улица Дементьева', '48.506101', '34.991689', 1),
(1106, 'улица Денисова', '48.387572', '34.9832', 1),
(1107, 'улица Десняка', '48.463396', '34.875186', 1),
(1108, 'улица Детства', '48.484977', '35.183605', 1),
(1109, 'улица Джузеппе Гарибальди', '48.493612', '35.036704', 1),
(1110, 'улица Динамо', '48.430933', '35.02613', 1),
(1111, 'улица Динника', '48.507599', '35.068845', 1),
(1112, 'улица Длинная Балка', '48.456914', '35.04946', 1),
(1113, 'улица Дмитирия Донцова', '48.456346', '35.070696', 1),
(1114, 'улица Дмитренко', '48.551495', '34.937485', 1),
(1115, 'улица Дмитрия Багалия', '48.50702', '35.065171', 1),
(1116, 'улица Дмитрия Байды-Вишневецкого', '48.434305', '35.066887', 1),
(1117, 'улица Дмитрия Кедрина', '48.443145', '35.00184', 1),
(1118, 'улица Дмитрия Марковича', '48.494125', '35.05714', 1),
(1119, 'улица Днепрогэса', '48.476538', '35.164543', 1),
(1120, 'улица Днепростроя', '48.473534', '35.15724', 1),
(1121, 'улица Добролюбова', '48.449002', '34.964147', 1),
(1122, 'улица Доватора', '48.50283', '35.065656', 1),
(1123, 'улица Довженко', '48.500489', '35.204374', 1),
(1124, 'улица Докучаева', '48.452366', '34.968306', 1),
(1125, 'улица Доронина', '48.483024', '34.949774', 1),
(1126, 'улица Достоевского', '48.440623', '35.043118', 1),
(1127, 'улица Дружбы', '48.461048', '34.886766', 1),
(1128, 'улица Дружинников', '48.400872', '35.08365', 1),
(1129, 'улица Дунаевского', '48.468689', '34.979095', 1),
(1130, 'улица Евгения Вырового', '48.498173', '35.041887', 1),
(1131, 'улица Евгения Маланюка', '48.40333', '35.129571', 1),
(1132, 'улица Евгения Сердюкова', '48.470183', '35.195921', 1),
(1133, 'улица Егорова', '48.391144', '34.986164', 1),
(1134, 'улица Екатерины Мессарош', '48.432643', '35.024738', 1),
(1135, 'улица Ермака', '48.471401', '34.912431', 1),
(1136, 'улица Ермоловой', '48.414676', '35.007086', 1),
(1137, 'улица Есенина', '48.525855', '35.109314', 1),
(1138, 'улица Желябова', '48.499474', '35.023489', 1),
(1139, 'улица Живописная Балка', '48.415052', '34.933613', 1),
(1140, 'улица Журналистов', '48.510058', '35.095148', 1),
(1141, 'улица Заря', '48.481155', '34.94053', 1),
(1142, 'улица Заслонова', '48.46244', '34.889227', 1),
(1143, 'улица Зелёная Балка', '48.443958', '34.891176', 1),
(1144, 'улица Иcы Мунаева', '48.44645', '34.969519', 1),
(1145, 'улица Ивана Акинфиева', '48.45882', '35.069609', 1),
(1146, 'улица Ивана Выговского', '48.426581', '35.135788', 1),
(1147, 'улица Ивана Вышенского', '48.459937', '34.891374', 1),
(1148, 'улица Ивана Пулюя', '48.509629', '35.064435', 1),
(1149, 'улица Ивана Сокульского', '48.507671', '35.016132', 1),
(1150, 'улица Ивана Сулимы', '48.379835', '34.980649', 1),
(1151, 'улица Ивана Франко', '48.415656', '35.00626', 1),
(1152, 'улица Ивана Эзау', '48.479154', '35.003735', 1),
(1153, 'улица Игнатьева', '48.471485', '35.018755', 1),
(1154, 'улица Измаила Срезневского', '48.527974', '35.061497', 1),
(1155, 'улица Изобретателей', '48.481173', '35.171747', 1),
(1156, 'улица Каверина', '48.447633', '35.00069', 1),
(1157, 'улица Казака Мамая', '48.404096', '35.009503', 1),
(1158, 'улица Казакевича', '48.405136', '35.005227', 1),
(1159, 'улица Казакова', '48.431615', '35.03638', 1),
(1160, 'улица Караваева', '48.464967', '34.980307', 1),
(1161, 'улица Карбышева', '48.46026', '34.985607', 1),
(1162, 'улица Карпенко-Карого', '48.488584', '35.055011', 1),
(1163, 'улица Карпова', '48.490089', '35.052819', 1),
(1164, 'улица Каруны', '48.503134', '35.047223', 1),
(1165, 'улица Каховка', '48.480994', '34.962494', 1),
(1166, 'улица Качалова', '48.476329', '34.98293', 1),
(1167, 'улица Квитки-Основьяненко', '48.489002', '34.963751', 1),
(1168, 'улица Князя Владимира Великого', '48.469233', '35.045372', 1),
(1169, 'улица Князя Ярослава Мудрого', '48.476174', '35.029966', 1),
(1170, 'улица Кожедуба', '48.486464', '35.191798', 1),
(1171, 'улица Кожемяки', '48.508417', '35.067866', 1),
(1172, 'улица Козырева', '48.442195', '34.815233', 1),
(1173, 'улица Коккинаки', '48.482959', '34.96995', 1),
(1174, 'улица Командира Юнина', '48.475756', '35.200655', 1),
(1175, 'улица Комбрига Петрова', '48.396283', '35.036416', 1),
(1176, 'улица Коробова', '48.48481', '34.9324', 1),
(1177, 'улица Короленко', '48.458043', '35.035572', 1),
(1178, 'улица Корсакова', '48.39596', '35.08983', 1),
(1179, 'улица Космонавта Волкова', '48.402612', '35.128736', 1),
(1180, 'улица Космонавтов', '48.413109', '35.129589', 1),
(1181, 'улица Кости Гордиенко', '48.471993', '34.982239', 1),
(1182, 'улица Костюшко', '48.469155', '34.90077', 1),
(1183, 'улица Костя Пестушко', '48.412894', '34.917614', 1),
(1184, 'улица Котляревского', '48.491677', '35.062566', 1),
(1185, 'улица Кошута', '48.459919', '35.01544', 1),
(1186, 'улица Крамского', '48.446534', '34.984808', 1),
(1187, 'улица Кренкеля', '48.474591', '35.100807', 1),
(1188, 'улица Кропоткина', '48.492405', '35.067767', 1),
(1189, 'улица Крутой Яр', '48.406476', '34.918225', 1),
(1190, 'улица Крылова', '48.502806', '35.022843', 1),
(1191, 'улица Крюкова', '48.505468', '35.016348', 1),
(1192, 'улица Кулагина', '48.447717', '35.017039', 1),
(1193, 'улица Курако', '48.436893', '34.787996', 1),
(1194, 'улица Курчатова', '48.474633', '35.013329', 1),
(1195, 'улица Лазаряна', '48.437144', '35.050654', 1),
(1196, 'улица Лебедева-Кумача', '48.516701', '35.037063', 1),
(1197, 'улица Леваневского', '48.469078', '35.004876', 1),
(1198, 'улица Левитана', '48.506238', '35.065414', 1),
(1199, 'улица Лейтенанта Роя', '48.519202', '34.954903', 1),
(1200, 'улица Лемешева', '48.483675', '34.968494', 1),
(1201, 'улица Леонида Жебунёва', '48.467441', '34.994797', 1),
(1202, 'улица Леонида Стромцова', '48.441998', '35.01774', 1),
(1203, 'улица Леонтовича', '48.444526', '35.036407', 1),
(1204, 'улица Лермонтова', '48.501797', '35.026085', 1),
(1205, 'улица Леси Украинки', '48.497445', '35.047456', 1),
(1206, 'улица Лескова', '48.544874', '34.950879', 1),
(1207, 'улица Леся Курбаса', '48.381146', '34.986533', 1),
(1208, 'улица Леся Танюка', '48.476305', '34.877315', 1),
(1209, 'улица Лётчиков', '48.42523', '35.050187', 1),
(1210, 'улица Лешко-Попеля', '48.44027', '35.059143', 1),
(1211, 'улица Лизы Чайкиной', '48.424584', '35.042597', 1),
(1212, 'улица Лобачевского', '48.529429', '35.103691', 1),
(1213, 'улица Ломоносова', '48.51044', '35.04778', 1),
(1214, 'улица Лысенко', '48.454655', '34.916248', 1),
(1215, 'улица Любарского', '48.481824', '35.076876', 1),
(1216, 'улица Любы Шевцовой', '48.451111', '34.897447', 1),
(1217, 'улица Магдебургского права', '48.463797', '35.051634', 1),
(1218, 'улица Майбороды', '48.493695', '35.05635', 1),
(1219, 'улица Макаренко', '48.411093', '35.013725', 1),
(1220, 'улица Маковского', '48.371732', '34.970067', 1),
(1221, 'улица Максима Дия', '48.481262', '34.917686', 1),
(1222, 'улица Максима Рыльского', '48.499003', '35.186345', 1),
(1223, 'улица Манжуры', '48.37658', '34.976624', 1),
(1224, 'улица Марии Гринченко', '48.483526', '34.965692', 1),
(1225, 'улица Марии Заньковецкой', '48.424984', '35.0446', 1),
(1226, 'улица Марии Кюри', '48.439655', '35.052712', 1),
(1227, 'улица Марии Лисиченко', '48.521601', '35.036704', 1),
(1228, 'улица Марко Вовчок', '48.519065', '35.065171', 1),
(1229, 'улица Маршала Малиновского', '48.467722', '35.106637', 1),
(1230, 'улица Мастеров', '48.453305', '34.887718', 1),
(1231, 'улица Матроса Кошки', '48.441065', '35.05352', 1),
(1232, 'улица Маяковского', '48.47606', '34.961524', 1),
(1233, 'улица Металлургов', '48.438519', '34.785903', 1),
(1234, 'улица Мечникова', '48.466138', '35.037907', 1),
(1235, 'улица Мильмана', '48.404383', '35.086713', 1),
(1236, 'улица Минакова', '48.497218', '35.029077', 1),
(1237, 'улица Минина', '48.45879', '35.02993', 1),
(1238, 'улица Мира', '48.408426', '35.05741', 1),
(1239, 'улица Михаила Вербицкого', '48.378758', '34.976202', 1),
(1240, 'улица Михаила Грушевского', '48.45585', '35.038312', 1),
(1241, 'улица Михаила Комарова', '48.449104', '34.99451', 1),
(1242, 'улица Михаила Коцюбинского', '48.465732', '35.05228', 1),
(1243, 'улица Михаила Максимовича', '48.400453', '35.002074', 1),
(1244, 'улица Мицкевича', '48.469364', '34.897267', 1),
(1245, 'улица Можайского', '48.471664', '34.922959', 1),
(1246, 'улица Мольера', '48.514941', '35.037431', 1),
(1247, 'улица Моцарта', '48.410059', '35.015135', 1),
(1248, 'улица Мужества', '48.454105', '34.96085', 1),
(1249, 'улица Муравьева', '48.49637', '35.021333', 1),
(1250, 'улица Набережная Победы', '48.437993', '35.070256', 1),
(1251, 'улица Надежды Алексеенко', '48.458198', '35.010176', 1),
(1252, 'улица Наставников', '48.47667', '35.161929', 1),
(1253, 'улица Нахимова', '48.445135', '35.014165', 1),
(1254, 'улица Невельского', '48.452659', '34.886191', 1),
(1255, 'улица Неделина', '48.41153', '35.046962', 1),
(1256, 'улица Некрасова', '48.503982', '35.021953', 1),
(1257, 'улица Немировича-Данченко', '48.415172', '35.123966', 1),
(1258, 'улица Нестерова', '48.471216', '34.995983', 1),
(1259, 'улица Николая Гнатюка', '48.440838', '35.045543', 1),
(1260, 'улица Николая Зерова', '48.446916', '34.835679', 1),
(1261, 'улица Николая Кузьменко', '48.496901', '35.028241', 1),
(1262, 'улица Николая Кулиша', '48.471001', '34.894536', 1),
(1263, 'улица Николая Михновского', '48.526965', '35.025987', 1),
(1264, 'улица Николая Руденко', '48.457248', '35.016671', 1),
(1265, 'улица Николая Сумцова', '48.49911', '35.040198', 1),
(1266, 'улица Одоевского', '48.429397', '35.033577', 1),
(1267, 'улица Олега Кошевого', '48.424094', '35.040665', 1),
(1268, 'улица Олеся Гончара', '48.453293', '35.057859', 1),
(1269, 'улица Осипа Бодянского', '48.419226', '35.010122', 1),
(1270, 'улица Осипенко', '48.510202', '35.009161', 1),
(1271, 'улица Остапа Вишни', '48.423603', '35.044564', 1),
(1272, 'улица Отважных', '48.400471', '34.965054', 1),
(1273, 'улица Отдыха', '48.475857', '35.19831', 1),
(1274, 'улица Павла Бута', '48.486625', '34.96359', 1),
(1275, 'улица Павла Ниринберга', '48.467315', '35.054823', 1),
(1276, 'улица Павла Полуботка', '48.468211', '35.001777', 1),
(1277, 'улица Павла Чубинского', '48.439744', '35.001579', 1),
(1278, 'улица Павлика Морозова', '48.480361', '34.990854', 1),
(1279, 'улица Павлова', '48.481161', '35.006924', 1),
(1280, 'улица Панаса Мирного', '48.485395', '34.943737', 1),
(1281, 'улица Паникахи', '48.401727', '35.032257', 1),
(1282, 'улица Панфилова', '48.422413', '35.04477', 1),
(1283, 'улица Пастера', '48.477291', '35.021037', 1),
(1284, 'улица Патона', '48.459817', '35.012611', 1),
(1285, 'улица Паторжинского', '48.455247', '35.054688', 1),
(1286, 'улица Паши Ангелиной', '48.524119', '34.985329', 1),
(1287, 'улица Петра Быкова', '48.516451', '35.042219', 1),
(1288, 'улица Петра Григоренко', '48.45928', '35.018234', 1),
(1289, 'улица Пехотинцев', '48.451506', '34.961281', 1),
(1290, 'улица Пирогова', '48.443647', '35.03877', 1),
(1291, 'улица Писарева', '48.417821', '35.056664', 1),
(1292, 'улица Писаржевского', '48.450795', '35.057832', 1),
(1293, 'улица Писемского', '48.458623', '34.916069', 1),
(1294, 'улица Платона Петряева', '48.487455', '34.963697', 1),
(1295, 'улица Победителей', '48.44281', '34.984161', 1),
(1296, 'улица Победы', '48.410567', '35.012117', 1),
(1297, 'улица Побежимова', '48.487808', '35.059602', 1),
(1298, 'улица Погодина', '48.440485', '34.97322', 1),
(1299, 'улица Подснежников', '48.475941', '35.159925', 1),
(1300, 'улица Поленова', '48.510602', '35.021792', 1),
(1301, 'улица Полетаева', '48.4474', '35.017417', 1),
(1302, 'улица Полковника Горленко', '48.469299', '34.981745', 1),
(1303, 'улица Полонской-Василенко', '48.497982', '35.061201', 1),
(1304, 'улица Поля', '48.465726', '35.059682', 1),
(1305, 'улица Попова', '48.457714', '34.873264', 1),
(1306, 'улица Попудренко', '48.551232', '34.954202', 1),
(1307, 'улица Пражской Весны', '48.49271', '35.058389', 1),
(1308, 'улица Пржевальского', '48.449002', '34.988554', 1),
(1309, 'улица Пристань', '48.505032', '35.18391', 1),
(1310, 'улица Профессора Кулишова', '48.435638', '34.818539', 1),
(1311, 'улица Прохорова', '48.463587', '35.20609', 1),
(1312, 'улица Прянишникова', '48.525479', '34.998633', 1),
(1313, 'улица Пугачёва', '48.444442', '35.031017', 1),
(1314, 'улица Пятихатки', '48.501839', '35.205569', 1),
(1315, 'улица Радио', '48.425803', '35.037144', 1),
(1316, 'улица Радистов', '48.49551', '35.042426', 1),
(1317, 'улица Радищева', '48.520819', '35.078511', 1),
(1318, 'улица Робеспьера', '48.515705', '35.002505', 1),
(1319, 'улица Роксоланы', '48.497307', '35.145579', 1),
(1320, 'улица Романа Мстиславовича', '48.478133', '34.933254', 1),
(1321, 'улица Романа Шухевича', '48.472417', '35.000412', 1),
(1322, 'улица Романовского', '48.474651', '35.196963', 1),
(1323, 'улица Росси', '48.387626', '34.988132', 1),
(1324, 'улица Рудниченко', '48.413145', '35.136102', 1),
(1325, 'улица Румянцева', '48.37239', '34.977352', 1),
(1326, 'улица Руставели', '48.520861', '34.998471', 1),
(1327, 'улица Рылеева', '48.529603', '35.008371', 1),
(1328, 'улица Савкина', '48.485646', '34.937799', 1),
(1329, 'улица Сакко', '48.521189', '35.07702', 1),
(1330, 'улица Саксаганского', '48.443265', '35.036156', 1),
(1331, 'улица Самуила Величко', '48.502662', '35.009467', 1),
(1332, 'улица Саши Мирошниченко', '48.509754', '35.046765', 1),
(1333, 'улица Светлова', '48.455569', '35.036811', 1),
(1334, 'улица Святослава Храброго', '48.460015', '35.040225', 1),
(1335, 'улица Седнева', '48.526351', '34.985715', 1),
(1336, 'улица Седова', '48.448004', '34.987476', 1),
(1337, 'улица Семёна Бардадыма', '48.48552', '34.952271', 1),
(1338, 'улица Семёна Скляренко', '48.369494', '34.976022', 1),
(1339, 'улица Серафимовича', '48.500633', '35.050115', 1),
(1340, 'улица Сергея Ефремова', '48.460403', '35.062368', 1),
(1341, 'улица Сергея Кульчицкого', '48.42041', '35.15397', 1),
(1342, 'улица Сергея Подолинского', '48.451679', '35.029517', 1),
(1343, 'улица Серова', '48.443749', '34.800321', 1),
(1344, 'улица Сечевых Стрельцов', '48.451542', '35.035949', 1),
(1345, 'улица Сеченова', '48.444018', '34.970929', 1),
(1346, 'улица Сичеславская Набережная', '48.47023', '35.051795', 1),
(1347, 'улица Скворцова', '48.506877', '35.05122', 1),
(1348, 'улица Скрябина', '48.497731', '35.013886', 1),
(1349, 'улица Славы', '48.467017', '34.896503', 1),
(1350, 'улица Собинова', '48.503301', '35.063177', 1),
(1351, 'улица Согласия', '48.544189', '34.973462', 1),
(1352, 'улица Содружества', '48.453095', '34.987233', 1),
(1353, 'улица Сорокового', '48.409491', '34.945192', 1),
(1354, 'улица Софии Русовой', '48.498131', '35.040441', 1),
(1355, 'улица Софьи Ковалевской', '48.517525', '35.06156', 1),
(1356, 'улица Спартака', '48.514159', '35.037126', 1),
(1357, 'улица Спутника', '48.390014', '34.987988', 1),
(1358, 'улица Станиславского', '48.401039', '35.13268', 1),
(1359, 'улица Стародубцева', '48.528039', '34.958685', 1),
(1360, 'улица Стасова', '48.376849', '34.98223', 1),
(1361, 'улица Сташкова', '48.435458', '35.055811', 1),
(1362, 'улица Степана Разина', '48.491247', '35.07181', 1),
(1363, 'улица Стефаника', '48.503218', '35.184378', 1),
(1364, 'улица Столетова', '48.495295', '35.071558', 1),
(1365, 'улица Столярова', '48.474663', '35.033029', 1),
(1366, 'улица Строителей', '48.426808', '34.994483', 1),
(1367, 'улица Суворова', '48.426987', '35.001022', 1),
(1368, 'улица Сурикова', '48.382259', '34.987611', 1),
(1369, 'улица Сухой Остров', '48.474483', '34.960976', 1),
(1370, 'улица Танкистов', '48.425552', '35.047546', 1),
(1371, 'улица Тарана', '48.490363', '34.949378', 1),
(1372, 'улица Тарасова', '48.480486', '35.189588', 1),
(1373, 'улица Татьяны Паты', '48.48644', '35.18047', 1),
(1374, 'улица Тёмина', '48.494262', '35.065656', 1),
(1375, 'улица Терпигорева', '48.371062', '34.981637', 1),
(1376, 'улица Тимирязева', '48.447125', '34.991887', 1),
(1377, 'улица Титова', '48.430987', '35.006969', 1),
(1378, 'улица Толбухина', '48.46449', '34.900663', 1),
(1379, 'улица Толстого', '48.43122', '35.032733', 1),
(1380, 'улица Тонконог', '48.370379', '34.976876', 1),
(1381, 'улица Трофима Романченко', '48.454763', '34.989371', 1),
(1382, 'улица Туполева', '48.480588', '35.184369', 1),
(1383, 'улица Тургенева', '48.502531', '35.023382', 1),
(1384, 'улица Тычины', '48.40961', '35.012215', 1),
(1385, 'улица Ударников', '48.483932', '34.989246', 1),
(1386, 'улица Ульянова', '48.461', '35.025708', 1),
(1387, 'улица Усенко', '48.524883', '35.020597', 1),
(1388, 'улица Устима Кармелюка', '48.472668', '34.919572', 1),
(1389, 'улица Ушакова', '48.445141', '35.015108', 1),
(1390, 'улица Фатимы Гафуровой', '48.487013', '34.94786', 1),
(1391, 'улица Филатова', '48.413366', '35.012422', 1),
(1392, 'улица Фонвизина', '48.490477', '35.154554', 1),
(1393, 'улица Халтурина', '48.496352', '35.023283', 1),
(1394, 'улица Циолковского', '48.505116', '35.046504', 1),
(1395, 'улица Чайковского', '48.504322', '35.013123', 1),
(1396, 'улица Чеботарёва', '48.456836', '34.957625', 1),
(1397, 'улица Челюскина', '48.464579', '35.041051', 1),
(1398, 'улица Чернышевского', '48.451751', '35.055523', 1),
(1399, 'улица Черняховского', '48.423818', '35.04875', 1),
(1400, 'улица Чиркова', '48.446056', '34.996486', 1),
(1401, 'улица Чухновского', '48.457141', '34.982706', 1),
(1402, 'улица Шаляпина', '48.462966', '34.946019', 1),
(1403, 'улица Шевченко', '48.458599', '35.05299', 1),
(1404, 'улица Широкая Степь', '48.438836', '34.847887', 1),
(1405, 'улица Шишкина', '48.445093', '34.970129', 1),
(1406, 'улица Шмидта', '48.466449', '35.02083', 1),
(1407, 'улица Шокальского', '48.422563', '35.061398', 1),
(1408, 'улица Шолом-Алейхема', '48.463325', '35.052918', 1),
(1409, 'улица Шолохова', '48.503958', '34.988347', 1),
(1410, 'улица Шуклина', '48.506101', '35.070381', 1),
(1411, 'улица Щепкина', '48.470463', '35.001948', 1),
(1412, 'улица Щукина', '48.510064', '35.020516', 1),
(1413, 'улица Энергетиков', '48.402935', '35.132015', 1),
(1414, 'улица Энтузиастов', '48.457057', '34.9226', 1),
(1415, 'улица Эпика', '48.555174', '34.918656', 1),
(1416, 'улица Юдина', '48.462984', '34.96438', 1),
(1417, 'улица Юности', '48.414341', '34.979041', 1),
(1418, 'улица Юрия Кондратюка', '48.469675', '34.920336', 1),
(1419, 'улица Юрия Савченко', '48.459734', '35.017569', 1),
(1420, 'улица Юркевича', '48.45873', '34.980047', 1),
(1421, 'улица Яворницкого', '48.459668', '35.068432', 1),
(1422, 'улица Якова Острянина', '48.450155', '34.961649', 1),
(1423, 'улица Яна Гуса', '48.49597', '35.026041', 1),
(1424, 'улица Яровой', '48.438268', '35.126957', 1),
(1425, 'улица Ярославны', '48.441238', '35.131521', 1),
(1426, 'Универсальная улица', '48.510989', '35.046855', 1),
(1427, 'Универсальный переулок', '48.511228', '35.050403', 1),
(1428, 'Университетская улица', '48.43865', '35.038177', 1),
(1429, 'Университетский переулок', '48.441848', '35.049487', 1),
(1430, 'Уральская улица', '48.454362', '35.002388', 1),
(1431, 'Урожайная улица', '48.514815', '35.043405', 1),
(1432, 'Успенская площадь', '48.465123', '35.05467', 1),
(1433, 'Уссурийская улица', '48.462865', '34.946971', 1),
(1434, 'Учительская улица', '48.444956', '34.774476', 1),
(1435, 'Уютная улица', '48.385538', '34.987557', 1),
(1436, 'Уютный переулок', '48.386358', '34.989461', 1),
(1437, 'Фабрично-заводская улица', '48.426407', '35.004481', 1),
(1438, 'Федеративная улица', '48.512356', '35.045983', 1),
(1439, 'Ферганская улица', '48.511342', '35.04018', 1),
(1440, 'Фестивальный переулок', '48.529042', '35.020875', 1),
(1441, 'Фиалковый переулок', '48.385329', '34.97587', 1),
(1442, 'Философская улица', '48.464525', '35.016581', 1),
(1443, 'Фланговая улица', '48.448201', '34.966464', 1),
(1444, 'Флотская улица', '48.454625', '35.009853', 1),
(1445, 'Фосфорная улица', '48.461311', '34.935949', 1),
(1446, 'Фронтовая улица', '48.465457', '34.919707', 1),
(1447, 'Фронтовой переулок', '48.467208', '34.920704', 1),
(1448, 'Фруктовая улица', '48.495898', '35.050053', 1),
(1449, 'Хабаровская улица', '48.517793', '35.066222', 1),
(1450, 'Халхингольская улица', '48.434239', '35.14716', 1),
(1451, 'Харьковская улица', '48.465493', '35.050044', 1),
(1452, 'Хвойная улица', '48.414472', '34.983667', 1),
(1453, 'Херсонская улица', '48.460929', '35.030245', 1),
(1454, 'Холмогорская улица', '48.406434', '35.06121', 1),
(1455, 'Холодильная улица', '48.528678', '35.059287', 1),
(1456, 'Холодноярская улица', '48.439923', '35.004481', 1),
(1457, 'Хорольская улица', '48.455796', '34.868054', 1),
(1458, 'Хорольский переулок', '48.4583', '34.871683', 1),
(1459, 'Хортицкая улица', '48.425917', '35.044654', 1),
(1460, 'Хотинская улица', '48.440981', '34.970641', 1),
(1461, 'Царичанская улица', '48.543956', '34.951076', 1),
(1462, 'Цветочная улица', '48.471479', '34.901022', 1),
(1463, 'Цветочный переулок', '48.472441', '34.908307', 1),
(1464, 'Целинная улица', '48.44244', '34.853753', 1),
(1465, 'Целиноградская улица', '48.470499', '35.191941', 1),
(1466, 'Центральная улица', '48.4652', '35.046819', 1),
(1467, 'Чаплинская улица', '48.41531', '35.150915', 1),
(1468, 'Чебоксарская улица', '48.465517', '35.206458', 1),
(1469, 'Челябинская улица', '48.465445', '34.994635', 1),
(1470, 'Череповецкая улица', '48.410525', '35.12897', 1),
(1471, 'Черкасская улица', '48.462948', '34.958263', 1),
(1472, 'Черкасский переулок', '48.46394', '34.957634', 1),
(1473, 'Черниговская улица', '48.528081', '34.997259', 1),
(1474, 'Черниговский переулок', '48.538182', '34.98532', 1),
(1475, 'Черновицкая улица', '48.488052', '35.054086', 1),
(1476, 'Черновицкий переулок', '48.444059', '35.063204', 1),
(1477, 'Черногорская улица', '48.471963', '34.921378', 1),
(1478, 'Черноземная улица', '48.474567', '34.931655', 1),
(1479, 'Черноморская улица', '48.403199', '35.015854', 1),
(1480, 'Числовая улица', '48.485114', '34.969375', 1),
(1481, 'Читинская улица', '48.54497', '34.955469', 1),
(1482, 'Чугуевская улица', '48.45236', '34.903906', 1),
(1483, 'Чукотская улица', '48.479017', '34.937772', 1),
(1484, 'Шахматный проезд', '48.442691', '34.984143', 1),
(1485, 'Шахтёрская улица', '48.418138', '34.910311', 1),
(1486, 'Шахтинская улица', '48.538945', '35.118082', 1),
(1487, 'Шелковичная улица', '48.524501', '35.008847', 1),
(1488, 'Шереметьевская улица', '48.426216', '35.134979', 1),
(1489, 'Шинная улица', '48.421218', '35.015854', 1),
(1490, 'Широкая улица', '48.518002', '34.973139', 1),
(1491, 'Школьная улица', '48.446474', '34.776749', 1),
(1492, 'Школьный переулок', '48.494191', '35.055469', 1),
(1493, 'Школьный тупик', '48.449904', '34.977837', 1),
(1494, 'Шлюзовая улица', '48.522752', '34.947222', 1),
(1495, 'Шляховская улица', '48.454028', '34.98585', 1),
(1496, 'Шодуаровская улица', '48.482905', '34.93567', 1),
(1497, 'Шпаковая улица', '48.545316', '34.92586', 1),
(1498, 'Штабной переулок', '48.4083', '35.073543', 1),
(1499, 'Штормовая улица', '48.504644', '35.007715', 1),
(1500, 'Штормовой переулок', '48.506817', '35.003825', 1),
(1501, 'Штурманский переулок', '48.48005', '34.906897', 1),
(1502, 'Щитовая улица', '48.52505', '34.986497', 1),
(1503, 'Экипажный переулок', '48.41345', '35.045893', 1),
(1504, 'Элеваторная улица', '48.491784', '35.153197', 1),
(1505, 'Электрическая улица', '48.406129', '35.130272', 1),
(1506, 'Электровозная улица', '48.491599', '35.144492', 1),
(1507, 'Энергетическая улица', '48.421212', '35.001822', 1),
(1508, 'Энергетический переулок', '48.424715', '34.997232', 1),
(1509, 'Эстонская улица', '48.411566', '35.016213', 1),
(1510, 'Юбилейная улица', '48.452671', '34.788481', 1),
(1511, 'Юбилейный переулок', '48.373139', '34.973489', 1),
(1512, 'Южная улица', '48.459363', '35.049415', 1),
(1513, 'Южный переулок', '48.45781', '35.04857', 1),
(1514, 'Юридическая улица', '48.507641', '35.066222', 1),
(1515, 'Юрьевская улица', '48.504107', '35.070534', 1),
(1516, 'Яворовый переулок', '48.464412', '34.971728', 1),
(1517, 'Ягодный переулок', '48.458162', '35.214911', 1),
(1518, 'Яготинская улица', '48.403378', '34.934835', 1),
(1519, 'Якорная улица', '48.484165', '34.961488', 1),
(1520, 'Якутская улица', '48.481836', '34.939479', 1),
(1521, 'Ялтинская улица', '48.499373', '35.044645', 1),
(1522, 'Янтарная улица', '48.517561', '35.045202', 1),
(1523, 'Янтарный переулок', '48.506244', '35.047456', 1),
(1524, 'Ярмарочный спуск', '48.471718', '35.0097', 1),
(1525, 'Ярославская улица', '48.430515', '35.027137', 1),
(1526, 'Ясельная улица', '48.497624', '35.040153', 1),
(1527, 'Ясная улица', '48.445655', '35.045839', 1),
(1528, 'Яснополянская улица', '48.397426', '35.068252', 1),
(1529, 'Яхненковская улица', '48.503068', '35.045705', 1);

-- --------------------------------------------------------

--
-- Структура таблицы `technologies`
--

CREATE TABLE `technologies` (
  `id` int(10) UNSIGNED NOT NULL,
  `technology` varchar(255) COLLATE utf8mb4_unicode_ci NOT NULL,
  `created_at` timestamp NULL DEFAULT NULL,
  `updated_at` timestamp NULL DEFAULT NULL
) ENGINE=InnoDB DEFAULT CHARSET=utf8mb4 COLLATE=utf8mb4_unicode_ci;

--
-- Дамп данных таблицы `technologies`
--

INSERT INTO `technologies` (`id`, `technology`, `created_at`, `updated_at`) VALUES
(1, 'Телефон', NULL, NULL),
(2, 'Планшет', NULL, NULL),
(3, 'Ноутбук', NULL, NULL);

-- --------------------------------------------------------

--
-- Структура таблицы `users`
--

CREATE TABLE `users` (
  `id` int(10) UNSIGNED NOT NULL,
  `email` varchar(255) COLLATE utf8mb4_unicode_ci NOT NULL,
  `password` varchar(255) COLLATE utf8mb4_unicode_ci NOT NULL,
  `name` varchar(255) COLLATE utf8mb4_unicode_ci NOT NULL,
  `role_id` int(10) UNSIGNED NOT NULL,
  `remember_token` varchar(100) COLLATE utf8mb4_unicode_ci DEFAULT NULL,
  `created_at` timestamp NULL DEFAULT NULL,
  `updated_at` timestamp NULL DEFAULT NULL
) ENGINE=InnoDB DEFAULT CHARSET=utf8mb4 COLLATE=utf8mb4_unicode_ci;

--
-- Дамп данных таблицы `users`
--

INSERT INTO `users` (`id`, `email`, `password`, `name`, `role_id`, `remember_token`, `created_at`, `updated_at`) VALUES
(2, 'test@ukr.net', '$2y$10$4PcnqHdEwiA93.8dpVUGoeywDnuRkGWo0brZEAiu7.MN4fj5DpCYe', 'Test', 5, 'tNuzxiseFbQxnm1m9sCTJzPdY8Ez4Ukf8AKQiSISANIYG8Ux3xC7nZrbaHpU', '2017-03-06 10:20:45', '2017-03-09 09:16:34'),
(3, 'dima@ukr.net', '$2y$10$pQJiE4ac0E19Z1joiGaMY.THOFhL3FRQy6CkKoRdK7uUGAEdizb36', 'Дима', 4, NULL, '2017-03-07 10:11:10', '2017-03-07 12:42:21'),
(5, 'BlooDlSikeR@yandex.ua', '$2y$10$pB8cWw87BeEhx2oVGctXoO9i9QdYos01Jk0hPSMAgmt5orrvhbwGi', 'Дима Овсийчук', 2, NULL, '2017-03-07 10:32:00', '2017-03-16 09:30:41'),
(6, 'admin@ukr.net', '$2y$10$XciZIEsQ0gJ5ugySmw5cYu8YPlCv6X1K/v49ZJR.AhHAzLvNx1Kle', 'Admin', 1, 'JTpRBVdTaijAFJDuOAgvu9zFwAEb5Hm9FwoKZobOlP2bBj1HvSBFf9vZNszc', '2017-03-09 09:11:46', '2017-03-09 09:11:46'),
(7, 'sc@mail.ru', '$2y$10$o5RSdYv37ickxlbZb1vSD.ERf8VYoFwewBmYG5Pq5NRvA6cQcVrtG', 'sc', 2, 'NjOswIQnwIXSyOYGaUf484Mb1VBr9rN57Ya88A914lBDDzMly5movG9oPk6q', '2017-04-11 07:00:11', '2017-04-11 07:00:11'),
(10, 'BlooDlSikeR@yandex.ua44', '$2y$10$kL/BjYP6yWuOyXdP7OrYJecOQcamLx.Jy.JgBnPHlSRzLX/m3AsMi', 'Дима Овсийчук', 2, 'rQJwhcqsf979VWfxA7cvJUxG2Xw6RyaHjXnXi4of8j2QOMroNpPA5iBPOxBi', '2017-04-11 07:17:37', '2017-04-11 07:17:37');

--
-- Индексы сохранённых таблиц
--

--
-- Индексы таблицы `cities`
--
ALTER TABLE `cities`
  ADD PRIMARY KEY (`id`);

--
-- Индексы таблицы `comments`
--
ALTER TABLE `comments`
  ADD PRIMARY KEY (`id`),
  ADD KEY `comments_service_center_id_foreign` (`service_center_id`);

--
-- Индексы таблицы `districts`
--
ALTER TABLE `districts`
  ADD PRIMARY KEY (`id`),
  ADD KEY `districts_city_id_foreign` (`city_id`);

--
-- Индексы таблицы `form_requests`
--
ALTER TABLE `form_requests`
  ADD PRIMARY KEY (`id`);

--
-- Индексы таблицы `manufacturers`
--
ALTER TABLE `manufacturers`
  ADD PRIMARY KEY (`id`);

--
-- Индексы таблицы `metros`
--
ALTER TABLE `metros`
  ADD PRIMARY KEY (`id`),
  ADD KEY `metros_city_id_foreign` (`city_id`);

--
-- Индексы таблицы `migrations`
--
ALTER TABLE `migrations`
  ADD PRIMARY KEY (`id`);

--
-- Индексы таблицы `password_resets`
--
ALTER TABLE `password_resets`
  ADD KEY `password_resets_email_index` (`email`),
  ADD KEY `password_resets_token_index` (`token`);

--
-- Индексы таблицы `requests`
--
ALTER TABLE `requests`
  ADD PRIMARY KEY (`id`),
  ADD KEY `requests_service_id_foreign` (`service_id`);

--
-- Индексы таблицы `roles`
--
ALTER TABLE `roles`
  ADD PRIMARY KEY (`id`);

--
-- Индексы таблицы `seo_meta`
--
ALTER TABLE `seo_meta`
  ADD PRIMARY KEY (`id`);

--
-- Индексы таблицы `service_centers`
--
ALTER TABLE `service_centers`
  ADD PRIMARY KEY (`id`),
  ADD KEY `service_centers_user_id_foreign` (`user_id`),
  ADD KEY `service_centers_city_id_foreign` (`city_id`),
  ADD KEY `service_centers_district_id_foreign` (`district_id`);

--
-- Индексы таблицы `service_center_advantages`
--
ALTER TABLE `service_center_advantages`
  ADD PRIMARY KEY (`id`),
  ADD KEY `service_center_advantages_service_center_id_foreign` (`service_center_id`);

--
-- Индексы таблицы `service_center_certificate`
--
ALTER TABLE `service_center_certificate`
  ADD PRIMARY KEY (`id`),
  ADD KEY `service_center_certificate_service_center_id_foreign` (`service_center_id`);

--
-- Индексы таблицы `service_center_personal`
--
ALTER TABLE `service_center_personal`
  ADD PRIMARY KEY (`id`),
  ADD KEY `service_center_personal_service_center_id_foreign` (`service_center_id`);

--
-- Индексы таблицы `service_center_photo`
--
ALTER TABLE `service_center_photo`
  ADD PRIMARY KEY (`id`),
  ADD KEY `service_center_photo_service_center_id_foreign` (`service_center_id`);

--
-- Индексы таблицы `service_center_price`
--
ALTER TABLE `service_center_price`
  ADD PRIMARY KEY (`id`),
  ADD KEY `service_center_price_service_center_id_foreign` (`service_center_id`);

--
-- Индексы таблицы `service_center_vs_manufacturer`
--
ALTER TABLE `service_center_vs_manufacturer`
  ADD PRIMARY KEY (`id`),
  ADD KEY `service_center_vs_manufacturer_service_center_id_foreign` (`service_center_id`),
  ADD KEY `service_center_vs_manufacturer_manufacturer_id_foreign` (`manufacturer_id`);

--
-- Индексы таблицы `service_center_vs_tags`
--
ALTER TABLE `service_center_vs_tags`
  ADD PRIMARY KEY (`id`),
  ADD KEY `service_center_vs_tags_service_center_id_foreign` (`service_center_id`);

--
-- Индексы таблицы `streets`
--
ALTER TABLE `streets`
  ADD PRIMARY KEY (`id`),
  ADD KEY `streets_city_id_foreign` (`city_id`);

--
-- Индексы таблицы `technologies`
--
ALTER TABLE `technologies`
  ADD PRIMARY KEY (`id`);

--
-- Индексы таблицы `users`
--
ALTER TABLE `users`
  ADD PRIMARY KEY (`id`),
  ADD KEY `users_role_id_foreign` (`role_id`);

--
-- AUTO_INCREMENT для сохранённых таблиц
--

--
-- AUTO_INCREMENT для таблицы `cities`
--
ALTER TABLE `cities`
  MODIFY `id` int(10) UNSIGNED NOT NULL AUTO_INCREMENT, AUTO_INCREMENT=4;
--
-- AUTO_INCREMENT для таблицы `comments`
--
ALTER TABLE `comments`
  MODIFY `id` int(10) UNSIGNED NOT NULL AUTO_INCREMENT, AUTO_INCREMENT=3;
--
-- AUTO_INCREMENT для таблицы `districts`
--
ALTER TABLE `districts`
  MODIFY `id` int(10) UNSIGNED NOT NULL AUTO_INCREMENT, AUTO_INCREMENT=9;
--
-- AUTO_INCREMENT для таблицы `form_requests`
--
ALTER TABLE `form_requests`
  MODIFY `id` int(10) UNSIGNED NOT NULL AUTO_INCREMENT, AUTO_INCREMENT=17;
--
-- AUTO_INCREMENT для таблицы `manufacturers`
--
ALTER TABLE `manufacturers`
  MODIFY `id` int(10) UNSIGNED NOT NULL AUTO_INCREMENT, AUTO_INCREMENT=56;
--
-- AUTO_INCREMENT для таблицы `metros`
--
ALTER TABLE `metros`
  MODIFY `id` int(10) UNSIGNED NOT NULL AUTO_INCREMENT, AUTO_INCREMENT=7;
--
-- AUTO_INCREMENT для таблицы `migrations`
--
ALTER TABLE `migrations`
  MODIFY `id` int(10) UNSIGNED NOT NULL AUTO_INCREMENT, AUTO_INCREMENT=58;
--
-- AUTO_INCREMENT для таблицы `requests`
--
ALTER TABLE `requests`
  MODIFY `id` int(10) UNSIGNED NOT NULL AUTO_INCREMENT, AUTO_INCREMENT=3;
--
-- AUTO_INCREMENT для таблицы `roles`
--
ALTER TABLE `roles`
  MODIFY `id` int(10) UNSIGNED NOT NULL AUTO_INCREMENT, AUTO_INCREMENT=6;
--
-- AUTO_INCREMENT для таблицы `seo_meta`
--
ALTER TABLE `seo_meta`
  MODIFY `id` int(10) UNSIGNED NOT NULL AUTO_INCREMENT, AUTO_INCREMENT=8;
--
-- AUTO_INCREMENT для таблицы `service_centers`
--
ALTER TABLE `service_centers`
  MODIFY `id` int(10) UNSIGNED NOT NULL AUTO_INCREMENT, AUTO_INCREMENT=4;
--
-- AUTO_INCREMENT для таблицы `service_center_advantages`
--
ALTER TABLE `service_center_advantages`
  MODIFY `id` int(10) UNSIGNED NOT NULL AUTO_INCREMENT, AUTO_INCREMENT=5;
--
-- AUTO_INCREMENT для таблицы `service_center_certificate`
--
ALTER TABLE `service_center_certificate`
  MODIFY `id` int(10) UNSIGNED NOT NULL AUTO_INCREMENT, AUTO_INCREMENT=6;
--
-- AUTO_INCREMENT для таблицы `service_center_personal`
--
ALTER TABLE `service_center_personal`
  MODIFY `id` int(10) UNSIGNED NOT NULL AUTO_INCREMENT, AUTO_INCREMENT=4;
--
-- AUTO_INCREMENT для таблицы `service_center_photo`
--
ALTER TABLE `service_center_photo`
  MODIFY `id` int(10) UNSIGNED NOT NULL AUTO_INCREMENT, AUTO_INCREMENT=6;
--
-- AUTO_INCREMENT для таблицы `service_center_price`
--
ALTER TABLE `service_center_price`
  MODIFY `id` int(10) UNSIGNED NOT NULL AUTO_INCREMENT, AUTO_INCREMENT=11;
--
-- AUTO_INCREMENT для таблицы `service_center_vs_manufacturer`
--
ALTER TABLE `service_center_vs_manufacturer`
  MODIFY `id` int(10) UNSIGNED NOT NULL AUTO_INCREMENT, AUTO_INCREMENT=6;
--
-- AUTO_INCREMENT для таблицы `service_center_vs_tags`
--
ALTER TABLE `service_center_vs_tags`
  MODIFY `id` int(10) UNSIGNED NOT NULL AUTO_INCREMENT, AUTO_INCREMENT=7;
--
-- AUTO_INCREMENT для таблицы `streets`
--
ALTER TABLE `streets`
  MODIFY `id` int(10) UNSIGNED NOT NULL AUTO_INCREMENT, AUTO_INCREMENT=1530;
--
-- AUTO_INCREMENT для таблицы `technologies`
--
ALTER TABLE `technologies`
  MODIFY `id` int(10) UNSIGNED NOT NULL AUTO_INCREMENT, AUTO_INCREMENT=4;
--
-- AUTO_INCREMENT для таблицы `users`
--
ALTER TABLE `users`
  MODIFY `id` int(10) UNSIGNED NOT NULL AUTO_INCREMENT, AUTO_INCREMENT=11;
--
-- Ограничения внешнего ключа сохраненных таблиц
--

--
-- Ограничения внешнего ключа таблицы `comments`
--
ALTER TABLE `comments`
  ADD CONSTRAINT `comments_service_center_id_foreign` FOREIGN KEY (`service_center_id`) REFERENCES `service_centers` (`id`) ON DELETE CASCADE ON UPDATE CASCADE;

--
-- Ограничения внешнего ключа таблицы `districts`
--
ALTER TABLE `districts`
  ADD CONSTRAINT `districts_city_id_foreign` FOREIGN KEY (`city_id`) REFERENCES `cities` (`id`) ON DELETE CASCADE ON UPDATE CASCADE;

--
-- Ограничения внешнего ключа таблицы `metros`
--
ALTER TABLE `metros`
  ADD CONSTRAINT `metros_city_id_foreign` FOREIGN KEY (`city_id`) REFERENCES `cities` (`id`) ON DELETE CASCADE ON UPDATE CASCADE;

--
-- Ограничения внешнего ключа таблицы `requests`
--
ALTER TABLE `requests`
  ADD CONSTRAINT `requests_service_id_foreign` FOREIGN KEY (`service_id`) REFERENCES `service_centers` (`id`) ON DELETE CASCADE ON UPDATE CASCADE;

--
-- Ограничения внешнего ключа таблицы `service_centers`
--
ALTER TABLE `service_centers`
  ADD CONSTRAINT `service_centers_city_id_foreign` FOREIGN KEY (`city_id`) REFERENCES `cities` (`id`) ON DELETE CASCADE ON UPDATE CASCADE,
  ADD CONSTRAINT `service_centers_district_id_foreign` FOREIGN KEY (`district_id`) REFERENCES `districts` (`id`) ON DELETE CASCADE ON UPDATE CASCADE,
  ADD CONSTRAINT `service_centers_user_id_foreign` FOREIGN KEY (`user_id`) REFERENCES `users` (`id`) ON DELETE CASCADE ON UPDATE CASCADE;

--
-- Ограничения внешнего ключа таблицы `service_center_advantages`
--
ALTER TABLE `service_center_advantages`
  ADD CONSTRAINT `service_center_advantages_service_center_id_foreign` FOREIGN KEY (`service_center_id`) REFERENCES `service_centers` (`id`) ON DELETE CASCADE ON UPDATE CASCADE;

--
-- Ограничения внешнего ключа таблицы `service_center_certificate`
--
ALTER TABLE `service_center_certificate`
  ADD CONSTRAINT `service_center_certificate_service_center_id_foreign` FOREIGN KEY (`service_center_id`) REFERENCES `service_centers` (`id`) ON DELETE CASCADE ON UPDATE CASCADE;

--
-- Ограничения внешнего ключа таблицы `service_center_personal`
--
ALTER TABLE `service_center_personal`
  ADD CONSTRAINT `service_center_personal_service_center_id_foreign` FOREIGN KEY (`service_center_id`) REFERENCES `service_centers` (`id`) ON DELETE CASCADE ON UPDATE CASCADE;

--
-- Ограничения внешнего ключа таблицы `service_center_photo`
--
ALTER TABLE `service_center_photo`
  ADD CONSTRAINT `service_center_photo_service_center_id_foreign` FOREIGN KEY (`service_center_id`) REFERENCES `service_centers` (`id`) ON DELETE CASCADE ON UPDATE CASCADE;

--
-- Ограничения внешнего ключа таблицы `service_center_price`
--
ALTER TABLE `service_center_price`
  ADD CONSTRAINT `service_center_price_service_center_id_foreign` FOREIGN KEY (`service_center_id`) REFERENCES `service_centers` (`id`) ON DELETE CASCADE ON UPDATE CASCADE;

--
-- Ограничения внешнего ключа таблицы `service_center_vs_manufacturer`
--
ALTER TABLE `service_center_vs_manufacturer`
  ADD CONSTRAINT `service_center_vs_manufacturer_manufacturer_id_foreign` FOREIGN KEY (`manufacturer_id`) REFERENCES `manufacturers` (`id`) ON DELETE CASCADE ON UPDATE CASCADE,
  ADD CONSTRAINT `service_center_vs_manufacturer_service_center_id_foreign` FOREIGN KEY (`service_center_id`) REFERENCES `service_centers` (`id`) ON DELETE CASCADE ON UPDATE CASCADE;

--
-- Ограничения внешнего ключа таблицы `service_center_vs_tags`
--
ALTER TABLE `service_center_vs_tags`
  ADD CONSTRAINT `service_center_vs_tags_service_center_id_foreign` FOREIGN KEY (`service_center_id`) REFERENCES `service_centers` (`id`) ON DELETE CASCADE ON UPDATE CASCADE;

--
-- Ограничения внешнего ключа таблицы `streets`
--
ALTER TABLE `streets`
  ADD CONSTRAINT `streets_city_id_foreign` FOREIGN KEY (`city_id`) REFERENCES `cities` (`id`) ON DELETE CASCADE ON UPDATE CASCADE;

--
-- Ограничения внешнего ключа таблицы `users`
--
ALTER TABLE `users`
  ADD CONSTRAINT `users_role_id_foreign` FOREIGN KEY (`role_id`) REFERENCES `roles` (`id`) ON DELETE CASCADE ON UPDATE CASCADE;

/*!40101 SET CHARACTER_SET_CLIENT=@OLD_CHARACTER_SET_CLIENT */;
/*!40101 SET CHARACTER_SET_RESULTS=@OLD_CHARACTER_SET_RESULTS */;
/*!40101 SET COLLATION_CONNECTION=@OLD_COLLATION_CONNECTION */;
